-- --------------------------------------------------------
-- Host:                         127.0.0.1
-- Versión del servidor:         11.7.2-MariaDB - mariadb.org binary distribution
-- SO del servidor:              Win64
-- HeidiSQL Versión:             12.10.0.7000
-- --------------------------------------------------------

/*!40101 SET @OLD_CHARACTER_SET_CLIENT=@@CHARACTER_SET_CLIENT */;
/*!40101 SET NAMES utf8 */;
/*!50503 SET NAMES utf8mb4 */;
/*!40103 SET @OLD_TIME_ZONE=@@TIME_ZONE */;
/*!40103 SET TIME_ZONE='+00:00' */;
/*!40014 SET @OLD_FOREIGN_KEY_CHECKS=@@FOREIGN_KEY_CHECKS, FOREIGN_KEY_CHECKS=0 */;
/*!40101 SET @OLD_SQL_MODE=@@SQL_MODE, SQL_MODE='NO_AUTO_VALUE_ON_ZERO' */;
/*!40111 SET @OLD_SQL_NOTES=@@SQL_NOTES, SQL_NOTES=0 */;


-- Volcando estructura de base de datos para degustan_db
CREATE DATABASE IF NOT EXISTS `degustan_db` /*!40100 DEFAULT CHARACTER SET utf8mb4 COLLATE utf8mb4_uca1400_ai_ci */;
USE `degustan_db`;

-- Volcando estructura para tabla degustan_db.backups
CREATE TABLE IF NOT EXISTS `backups` (
  `id` int(11) NOT NULL AUTO_INCREMENT,
  `nombre` varchar(255) NOT NULL,
  `ruta` varchar(500) NOT NULL,
  `tamaño` bigint(20) NOT NULL,
  `fecha_creacion` timestamp NULL DEFAULT current_timestamp(),
  `usuario_id` int(11) DEFAULT NULL,
  `descripcion` text DEFAULT NULL,
  PRIMARY KEY (`id`),
  KEY `usuario_id` (`usuario_id`),
  CONSTRAINT `backups_ibfk_1` FOREIGN KEY (`usuario_id`) REFERENCES `usuarios` (`id`)
) ENGINE=InnoDB DEFAULT CHARSET=utf8mb4 COLLATE=utf8mb4_uca1400_ai_ci;

-- Volcando datos para la tabla degustan_db.backups: ~0 rows (aproximadamente)

-- Volcando estructura para tabla degustan_db.caja
CREATE TABLE IF NOT EXISTS `caja` (
  `id` int(11) NOT NULL AUTO_INCREMENT,
  `nombre` varchar(100) NOT NULL,
  `saldo_inicial` decimal(10,2) DEFAULT 0.00,
  `saldo_actual` decimal(10,2) DEFAULT 0.00,
  `monto_final` decimal(10,2) DEFAULT 0.00,
  `valor_cierre_anterior` decimal(10,2) DEFAULT 0.00,
  `estado` enum('abierta','cerrada') DEFAULT 'cerrada',
  `usuario_id` int(11) DEFAULT NULL,
  `fecha_apertura` timestamp NULL DEFAULT NULL,
  `fecha_cierre` timestamp NULL DEFAULT NULL,
  `created_at` timestamp NULL DEFAULT current_timestamp(),
  `updated_at` timestamp NULL DEFAULT current_timestamp() ON UPDATE current_timestamp(),
  PRIMARY KEY (`id`),
  KEY `usuario_id` (`usuario_id`),
  CONSTRAINT `caja_ibfk_1` FOREIGN KEY (`usuario_id`) REFERENCES `usuarios` (`id`)
) ENGINE=InnoDB AUTO_INCREMENT=11 DEFAULT CHARSET=utf8mb4 COLLATE=utf8mb4_uca1400_ai_ci;

-- Volcando datos para la tabla degustan_db.caja: ~9 rows (aproximadamente)
INSERT INTO `caja` (`id`, `nombre`, `saldo_inicial`, `saldo_actual`, `monto_final`, `valor_cierre_anterior`, `estado`, `usuario_id`, `fecha_apertura`, `fecha_cierre`, `created_at`, `updated_at`) VALUES
	(1, 'Caja Principal', 0.00, 0.00, 0.00, 0.00, 'cerrada', NULL, NULL, NULL, '2025-08-22 13:16:39', '2025-08-22 13:16:39'),
	(2, 'Caja Principal', 50000.00, 50000.00, 50000.00, 0.00, 'cerrada', NULL, '2025-10-03 14:39:02', '2025-10-20 23:05:58', '2025-10-03 14:39:02', '2025-10-20 23:05:58'),
	(3, 'Caja Principal', 1000.00, 80966.46, 1000.00, 50000.00, 'cerrada', NULL, '2025-10-20 23:06:18', '2025-10-21 10:20:25', '2025-10-20 23:06:18', '2025-10-21 10:20:25'),
	(4, 'Caja Principal', 5000.00, 14201.94, 5000.00, 1000.00, 'cerrada', NULL, '2025-10-21 10:49:49', '2025-10-21 10:51:07', '2025-10-21 10:49:49', '2025-10-21 10:51:07'),
	(5, 'Caja Principal', 1000.00, 1000.00, 1000.00, 5000.00, 'cerrada', NULL, '2025-10-21 11:11:13', '2025-10-21 15:15:51', '2025-10-21 11:11:13', '2025-10-21 15:15:51'),
	(6, 'Caja Principal', 5000.00, 0.00, 0.00, 1000.00, 'cerrada', NULL, '2025-10-21 21:04:52', '2025-10-25 13:30:06', '2025-10-21 21:04:52', '2025-10-25 13:30:06'),
	(7, 'Caja Principal', 1000.00, 4101.98, 4101.98, 0.00, 'cerrada', NULL, '2025-10-25 13:35:02', '2025-10-25 13:35:48', '2025-10-25 13:35:02', '2025-10-25 13:35:48'),
	(8, 'Caja Principal', 1000.00, 7397.00, 7397.00, 4101.98, 'cerrada', NULL, '2025-10-25 13:49:43', '2025-10-25 13:51:46', '2025-10-25 13:49:43', '2025-10-25 13:51:46'),
	(9, 'Caja Principal', 1500.00, 14800.00, 14800.00, 7397.00, 'cerrada', NULL, '2025-10-26 15:13:18', '2025-10-26 16:32:16', '2025-10-26 15:13:18', '2025-10-26 16:32:16'),
	(10, 'Caja Principal', 1500.00, 67000.00, 67000.00, 14800.00, 'cerrada', NULL, '2025-10-26 16:32:50', '2026-02-26 10:14:40', '2025-10-26 16:32:50', '2026-02-26 10:14:40');

-- Volcando estructura para tabla degustan_db.categorias
CREATE TABLE IF NOT EXISTS `categorias` (
  `id` int(11) NOT NULL AUTO_INCREMENT,
  `nombre` varchar(100) NOT NULL,
  `descripcion` text DEFAULT NULL,
  `activo` tinyint(1) DEFAULT 1,
  `created_at` timestamp NULL DEFAULT current_timestamp(),
  `updated_at` timestamp NULL DEFAULT current_timestamp() ON UPDATE current_timestamp(),
  PRIMARY KEY (`id`)
) ENGINE=InnoDB AUTO_INCREMENT=7 DEFAULT CHARSET=utf8mb4 COLLATE=utf8mb4_uca1400_ai_ci;

-- Volcando datos para la tabla degustan_db.categorias: ~4 rows (aproximadamente)
INSERT INTO `categorias` (`id`, `nombre`, `descripcion`, `activo`, `created_at`, `updated_at`) VALUES
	(1, 'Vinos', 'Vinos tintos, blancos y rosados', 1, '2025-08-22 13:16:39', '2025-08-22 13:16:39'),
	(2, 'Cervezas', 'Cervezas nacionales e importadas', 1, '2025-08-22 13:16:39', '2025-08-22 13:16:39'),
	(3, 'Licores', 'Licores y destilados', 1, '2025-08-22 13:16:39', '2025-08-22 13:16:39'),
	(4, 'Bebidas sin alcohol', 'Gaseosas, jugos y aguas', 1, '2025-08-22 13:16:39', '2025-08-22 13:16:39'),
	(5, 'vinos', 'vinos', 1, '2025-08-31 18:50:59', '2025-08-31 18:50:59'),
	(6, 'lacteos', 'de la leche', 1, '2025-10-02 20:44:50', '2025-10-02 20:44:50');

-- Volcando estructura para tabla degustan_db.clientes
CREATE TABLE IF NOT EXISTS `clientes` (
  `id` int(11) NOT NULL AUTO_INCREMENT,
  `nombre` varchar(200) NOT NULL,
  `email` varchar(100) DEFAULT NULL,
  `telefono` varchar(20) DEFAULT NULL,
  `direccion` text DEFAULT NULL,
  `documento` varchar(20) DEFAULT NULL,
  `activo` tinyint(1) DEFAULT 1,
  `created_at` timestamp NULL DEFAULT current_timestamp(),
  `updated_at` timestamp NULL DEFAULT current_timestamp() ON UPDATE current_timestamp(),
  PRIMARY KEY (`id`)
) ENGINE=InnoDB AUTO_INCREMENT=2 DEFAULT CHARSET=utf8mb4 COLLATE=utf8mb4_uca1400_ai_ci;

-- Volcando datos para la tabla degustan_db.clientes: ~0 rows (aproximadamente)
INSERT INTO `clientes` (`id`, `nombre`, `email`, `telefono`, `direccion`, `documento`, `activo`, `created_at`, `updated_at`) VALUES
	(1, 'CONSUMIDOR FINAL', 'consumidor@final.com', '0000-0000', 'Venta al público general', 'CF', 1, '2025-10-03 13:32:14', '2025-10-03 13:32:14');

-- Volcando estructura para tabla degustan_db.combos
CREATE TABLE IF NOT EXISTS `combos` (
  `id` int(11) NOT NULL AUTO_INCREMENT,
  `codigo` varchar(50) DEFAULT NULL,
  `nombre` varchar(200) NOT NULL,
  `descripcion` text DEFAULT NULL,
  `precio_venta` decimal(10,2) NOT NULL,
  `stock_actual` int(11) DEFAULT 0,
  `stock_minimo` int(11) DEFAULT 5,
  `imagen_url` varchar(255) DEFAULT NULL,
  `activo` tinyint(1) DEFAULT 1,
  `created_at` timestamp NULL DEFAULT current_timestamp(),
  `updated_at` timestamp NULL DEFAULT current_timestamp() ON UPDATE current_timestamp(),
  PRIMARY KEY (`id`),
  UNIQUE KEY `codigo` (`codigo`),
  KEY `idx_combos_activo` (`activo`),
  KEY `idx_combos_codigo` (`codigo`),
  KEY `idx_combos_nombre` (`nombre`),
  KEY `idx_combos_precio` (`precio_venta`)
) ENGINE=InnoDB AUTO_INCREMENT=2 DEFAULT CHARSET=utf8mb4 COLLATE=utf8mb4_unicode_ci;

-- Volcando datos para la tabla degustan_db.combos: ~0 rows (aproximadamente)
INSERT INTO `combos` (`id`, `codigo`, `nombre`, `descripcion`, `precio_venta`, `stock_actual`, `stock_minimo`, `imagen_url`, `activo`, `created_at`, `updated_at`) VALUES
	(1, NULL, 'birra', NULL, 150.00, 16, 5, '/uploads/combos/combo-1762467802582-617507684.jpg', 1, '2025-11-06 22:23:22', '2025-11-21 14:48:41');

-- Volcando estructura para tabla degustan_db.combo_productos
CREATE TABLE IF NOT EXISTS `combo_productos` (
  `id` int(11) NOT NULL AUTO_INCREMENT,
  `combo_id` int(11) NOT NULL,
  `producto_id` int(11) NOT NULL,
  `cantidad` int(11) NOT NULL DEFAULT 1 COMMENT 'Cantidad de este producto que incluye el combo',
  `created_at` timestamp NULL DEFAULT current_timestamp(),
  PRIMARY KEY (`id`),
  UNIQUE KEY `unique_combo_producto` (`combo_id`,`producto_id`),
  KEY `idx_combo_productos_combo` (`combo_id`),
  KEY `idx_combo_productos_producto` (`producto_id`),
  CONSTRAINT `combo_productos_ibfk_1` FOREIGN KEY (`combo_id`) REFERENCES `combos` (`id`) ON DELETE CASCADE,
  CONSTRAINT `combo_productos_ibfk_2` FOREIGN KEY (`producto_id`) REFERENCES `productos` (`id`) ON DELETE CASCADE
) ENGINE=InnoDB AUTO_INCREMENT=3 DEFAULT CHARSET=utf8mb4 COLLATE=utf8mb4_unicode_ci;

-- Volcando datos para la tabla degustan_db.combo_productos: ~2 rows (aproximadamente)
INSERT INTO `combo_productos` (`id`, `combo_id`, `producto_id`, `cantidad`, `created_at`) VALUES
	(1, 1, 2, 1, '2025-11-06 22:23:22'),
	(2, 1, 3, 1, '2025-11-06 22:23:22');

-- Volcando estructura para tabla degustan_db.configuracion
CREATE TABLE IF NOT EXISTS `configuracion` (
  `id` int(11) NOT NULL AUTO_INCREMENT,
  `clave` varchar(100) NOT NULL,
  `valor` text DEFAULT NULL,
  `descripcion` text DEFAULT NULL,
  `fecha_actualizacion` timestamp NULL DEFAULT current_timestamp() ON UPDATE current_timestamp(),
  PRIMARY KEY (`id`),
  UNIQUE KEY `clave` (`clave`)
) ENGINE=InnoDB AUTO_INCREMENT=12 DEFAULT CHARSET=utf8mb4 COLLATE=utf8mb4_uca1400_ai_ci;

-- Volcando datos para la tabla degustan_db.configuracion: ~11 rows (aproximadamente)
INSERT INTO `configuracion` (`id`, `clave`, `valor`, `descripcion`, `fecha_actualizacion`) VALUES
	(1, 'empresa_nombre', 'DEGUSTAN', NULL, '2025-10-21 11:09:50'),
	(2, 'empresa_direccion', 'Ch 147 Mz D Casa 24', NULL, '2025-10-21 11:09:50'),
	(3, 'empresa_telefono', '+54 3764 18 1434', NULL, '2025-10-21 11:09:50'),
	(4, 'empresa_email', 'info@degustan.com', NULL, '2025-10-21 11:09:50'),
	(5, 'empresa_web', 'www.degustan.com', NULL, '2025-10-21 11:09:50'),
	(6, 'logo_url', '/logo.jpg', NULL, '2025-10-21 11:09:50'),
	(7, 'moneda', 'ARS', NULL, '2025-10-21 11:09:50'),
	(8, 'impuestos_habilitados', '1', NULL, '2025-10-21 11:09:50'),
	(9, 'iva_porcentaje', '21', NULL, '2025-10-21 11:09:50'),
	(10, 'backup_automatico', '1', NULL, '2025-10-21 11:09:50'),
	(11, 'backup_frecuencia', 'weekly', NULL, '2025-10-21 11:09:50');

-- Volcando estructura para tabla degustan_db.detalles_venta
CREATE TABLE IF NOT EXISTS `detalles_venta` (
  `id` int(11) NOT NULL AUTO_INCREMENT,
  `tipo` enum('producto','combo') DEFAULT 'producto',
  `venta_id` int(11) NOT NULL,
  `producto_id` int(11) DEFAULT NULL,
  `combo_id` int(11) DEFAULT NULL,
  `cantidad` int(11) NOT NULL,
  `precio_unitario` decimal(10,2) NOT NULL,
  `subtotal` decimal(10,2) NOT NULL,
  `created_at` timestamp NULL DEFAULT current_timestamp(),
  PRIMARY KEY (`id`),
  KEY `venta_id` (`venta_id`),
  KEY `idx_detalles_venta_producto` (`producto_id`),
  KEY `combo_id` (`combo_id`),
  CONSTRAINT `detalles_venta_ibfk_1` FOREIGN KEY (`venta_id`) REFERENCES `ventas` (`id`),
  CONSTRAINT `detalles_venta_ibfk_2` FOREIGN KEY (`producto_id`) REFERENCES `productos` (`id`),
  CONSTRAINT `detalles_venta_ibfk_3` FOREIGN KEY (`combo_id`) REFERENCES `combos` (`id`) ON DELETE SET NULL
) ENGINE=InnoDB AUTO_INCREMENT=193 DEFAULT CHARSET=utf8mb4 COLLATE=utf8mb4_uca1400_ai_ci;

-- Volcando datos para la tabla degustan_db.detalles_venta: ~176 rows (aproximadamente)
INSERT INTO `detalles_venta` (`id`, `tipo`, `venta_id`, `producto_id`, `combo_id`, `cantidad`, `precio_unitario`, `subtotal`, `created_at`) VALUES
	(1, 'producto', 1, 1, NULL, 1, 25.00, 25.00, '2025-08-22 13:28:37'),
	(2, 'producto', 2, 2, NULL, 3, 12.00, 36.00, '2025-10-20 23:14:41'),
	(3, 'producto', 2, 5, NULL, 2, 2999.98, 5999.96, '2025-10-20 23:14:41'),
	(4, 'producto', 3, 2, NULL, 3, 12.00, 36.00, '2025-10-20 23:22:41'),
	(5, 'producto', 3, 5, NULL, 3, 2999.98, 8999.94, '2025-10-20 23:22:41'),
	(6, 'producto', 3, 1, NULL, 4, 25.00, 100.00, '2025-10-20 23:22:41'),
	(7, 'producto', 4, 2, NULL, 3, 12.00, 36.00, '2025-10-20 23:24:55'),
	(8, 'producto', 4, 5, NULL, 2, 2999.98, 5999.96, '2025-10-20 23:24:55'),
	(9, 'producto', 4, 1, NULL, 3, 25.00, 75.00, '2025-10-20 23:24:55'),
	(10, 'producto', 4, 3, NULL, 1, 65.00, 65.00, '2025-10-20 23:24:55'),
	(11, 'producto', 5, 2, NULL, 2, 12.00, 24.00, '2025-10-20 23:29:53'),
	(12, 'producto', 5, 5, NULL, 2, 2999.98, 5999.96, '2025-10-20 23:29:53'),
	(13, 'producto', 5, 1, NULL, 2, 25.00, 50.00, '2025-10-20 23:29:53'),
	(14, 'producto', 5, 3, NULL, 2, 65.00, 130.00, '2025-10-20 23:29:53'),
	(15, 'producto', 6, 2, NULL, 1, 12.00, 12.00, '2025-10-20 23:30:53'),
	(16, 'producto', 6, 5, NULL, 1, 2999.98, 2999.98, '2025-10-20 23:30:53'),
	(17, 'producto', 6, 1, NULL, 1, 25.00, 25.00, '2025-10-20 23:30:53'),
	(18, 'producto', 6, 3, NULL, 1, 65.00, 65.00, '2025-10-20 23:30:53'),
	(19, 'producto', 7, 2, NULL, 1, 12.00, 12.00, '2025-10-20 23:32:25'),
	(20, 'producto', 7, 5, NULL, 1, 2999.98, 2999.98, '2025-10-20 23:32:25'),
	(21, 'producto', 7, 1, NULL, 1, 25.00, 25.00, '2025-10-20 23:32:25'),
	(22, 'producto', 8, 2, NULL, 8, 12.00, 96.00, '2025-10-20 23:35:23'),
	(23, 'producto', 9, 2, NULL, 7, 12.00, 84.00, '2025-10-20 23:36:39'),
	(24, 'producto', 9, 5, NULL, 8, 2999.98, 23999.84, '2025-10-20 23:36:39'),
	(25, 'producto', 10, 2, NULL, 1, 12.00, 12.00, '2025-10-21 09:58:12'),
	(26, 'producto', 10, 5, NULL, 1, 2999.98, 2999.98, '2025-10-21 09:58:12'),
	(27, 'producto', 10, 1, NULL, 1, 25.00, 25.00, '2025-10-21 09:58:12'),
	(28, 'producto', 11, 2, NULL, 4, 12.00, 48.00, '2025-10-21 10:09:08'),
	(29, 'producto', 11, 5, NULL, 4, 2999.98, 11999.92, '2025-10-21 10:09:08'),
	(30, 'producto', 11, 1, NULL, 4, 25.00, 100.00, '2025-10-21 10:09:08'),
	(31, 'producto', 11, 3, NULL, 4, 65.00, 260.00, '2025-10-21 10:09:08'),
	(32, 'producto', 12, 2, NULL, 1, 12.00, 12.00, '2025-10-21 10:13:40'),
	(33, 'producto', 12, 5, NULL, 1, 2999.98, 2999.98, '2025-10-21 10:13:40'),
	(34, 'producto', 12, 1, NULL, 1, 25.00, 25.00, '2025-10-21 10:13:40'),
	(35, 'producto', 13, 2, NULL, 1, 12.00, 12.00, '2025-10-21 10:15:15'),
	(36, 'producto', 13, 5, NULL, 1, 2999.98, 2999.98, '2025-10-21 10:15:15'),
	(37, 'producto', 13, 1, NULL, 1, 25.00, 25.00, '2025-10-21 10:15:15'),
	(38, 'producto', 13, 3, NULL, 1, 65.00, 65.00, '2025-10-21 10:15:15'),
	(39, 'producto', 14, 2, NULL, 1, 12.00, 12.00, '2025-10-21 10:17:44'),
	(40, 'producto', 14, 5, NULL, 1, 2999.98, 2999.98, '2025-10-21 10:17:44'),
	(41, 'producto', 15, 5, NULL, 2, 2999.98, 5999.96, '2025-10-21 10:50:19'),
	(42, 'producto', 15, 1, NULL, 4, 25.00, 100.00, '2025-10-21 10:50:19'),
	(43, 'producto', 16, 2, NULL, 1, 12.00, 12.00, '2025-10-21 10:50:45'),
	(44, 'producto', 16, 5, NULL, 1, 2999.98, 2999.98, '2025-10-21 10:50:45'),
	(45, 'producto', 16, 1, NULL, 1, 25.00, 25.00, '2025-10-21 10:50:45'),
	(46, 'producto', 16, 3, NULL, 1, 65.00, 65.00, '2025-10-21 10:50:45'),
	(47, 'producto', 17, 2, NULL, 1, 12.00, 12.00, '2025-10-21 11:11:29'),
	(48, 'producto', 17, 5, NULL, 2, 2999.98, 5999.96, '2025-10-21 11:11:29'),
	(49, 'producto', 17, 1, NULL, 1, 25.00, 25.00, '2025-10-21 11:11:29'),
	(50, 'producto', 18, 2, NULL, 2, 12.00, 24.00, '2025-10-21 11:12:05'),
	(51, 'producto', 18, 5, NULL, 1, 2999.98, 2999.98, '2025-10-21 11:12:05'),
	(52, 'producto', 18, 1, NULL, 2, 25.00, 50.00, '2025-10-21 11:12:05'),
	(53, 'producto', 19, 2, NULL, 1, 12.00, 12.00, '2025-10-21 11:22:02'),
	(54, 'producto', 19, 5, NULL, 1, 2999.98, 2999.98, '2025-10-21 11:22:02'),
	(55, 'producto', 19, 1, NULL, 1, 25.00, 25.00, '2025-10-21 11:22:02'),
	(56, 'producto', 20, 2, NULL, 1, 12.00, 12.00, '2025-10-21 11:25:22'),
	(57, 'producto', 20, 5, NULL, 15, 2999.98, 44999.70, '2025-10-21 11:25:22'),
	(58, 'producto', 20, 1, NULL, 1, 25.00, 25.00, '2025-10-21 11:25:22'),
	(59, 'producto', 20, 3, NULL, 1, 65.00, 65.00, '2025-10-21 11:25:22'),
	(60, 'producto', 21, 2, NULL, 7, 12.00, 84.00, '2025-10-21 11:28:20'),
	(61, 'producto', 21, 5, NULL, 20, 2999.98, 59999.60, '2025-10-21 11:28:20'),
	(62, 'producto', 21, 1, NULL, 14, 25.00, 350.00, '2025-10-21 11:28:20'),
	(63, 'producto', 21, 3, NULL, 7, 65.00, 455.00, '2025-10-21 11:28:20'),
	(64, 'producto', 22, 2, NULL, 1, 12.00, 12.00, '2025-10-21 11:43:49'),
	(65, 'producto', 22, 5, NULL, 30, 2999.98, 89999.40, '2025-10-21 11:43:49'),
	(66, 'producto', 22, 1, NULL, 1, 25.00, 25.00, '2025-10-21 11:43:49'),
	(67, 'producto', 22, 3, NULL, 1, 65.00, 65.00, '2025-10-21 11:43:49'),
	(68, 'producto', 23, 2, NULL, 1, 12.00, 12.00, '2025-10-21 12:05:58'),
	(69, 'producto', 23, 5, NULL, 1, 2999.98, 2999.98, '2025-10-21 12:05:58'),
	(70, 'producto', 23, 1, NULL, 1, 25.00, 25.00, '2025-10-21 12:05:58'),
	(71, 'producto', 23, 3, NULL, 1, 65.00, 65.00, '2025-10-21 12:05:58'),
	(72, 'producto', 24, 2, NULL, 1, 12.00, 12.00, '2025-10-21 13:02:57'),
	(73, 'producto', 24, 5, NULL, 30, 2999.98, 89999.40, '2025-10-21 13:02:57'),
	(74, 'producto', 24, 1, NULL, 1, 25.00, 25.00, '2025-10-21 13:02:57'),
	(75, 'producto', 24, 3, NULL, 1, 65.00, 65.00, '2025-10-21 13:02:57'),
	(76, 'producto', 25, 2, NULL, 4, 12.00, 48.00, '2025-10-21 13:08:26'),
	(77, 'producto', 25, 5, NULL, 30, 2999.98, 89999.40, '2025-10-21 13:08:26'),
	(78, 'producto', 25, 1, NULL, 1, 25.00, 25.00, '2025-10-21 13:08:26'),
	(79, 'producto', 25, 3, NULL, 2, 65.00, 130.00, '2025-10-21 13:08:26'),
	(80, 'producto', 26, 2, NULL, 1, 12.00, 12.00, '2025-10-21 13:23:24'),
	(81, 'producto', 26, 5, NULL, 20, 2999.98, 59999.60, '2025-10-21 13:23:24'),
	(82, 'producto', 26, 1, NULL, 1, 25.00, 25.00, '2025-10-21 13:23:24'),
	(83, 'producto', 26, 3, NULL, 1, 65.00, 65.00, '2025-10-21 13:23:24'),
	(84, 'producto', 27, 2, NULL, 1, 12.00, 12.00, '2025-10-21 13:30:16'),
	(85, 'producto', 27, 5, NULL, 30, 2999.98, 89999.40, '2025-10-21 13:30:16'),
	(86, 'producto', 27, 1, NULL, 1, 25.00, 25.00, '2025-10-21 13:30:16'),
	(87, 'producto', 27, 3, NULL, 1, 65.00, 65.00, '2025-10-21 13:30:16'),
	(88, 'producto', 28, 2, NULL, 1, 12.00, 12.00, '2025-10-21 13:37:15'),
	(89, 'producto', 28, 5, NULL, 1, 2999.98, 2999.98, '2025-10-21 13:37:15'),
	(90, 'producto', 29, 2, NULL, 1, 12.00, 12.00, '2025-10-21 13:40:49'),
	(91, 'producto', 29, 5, NULL, 1, 2999.98, 2999.98, '2025-10-21 13:40:49'),
	(92, 'producto', 29, 1, NULL, 1, 25.00, 25.00, '2025-10-21 13:40:49'),
	(93, 'producto', 30, 2, NULL, 1, 12.00, 12.00, '2025-10-21 13:45:57'),
	(94, 'producto', 30, 5, NULL, 1, 2999.98, 2999.98, '2025-10-21 13:45:57'),
	(95, 'producto', 30, 1, NULL, 2, 25.00, 50.00, '2025-10-21 13:45:57'),
	(96, 'producto', 30, 3, NULL, 2, 65.00, 130.00, '2025-10-21 13:45:57'),
	(97, 'producto', 31, 2, NULL, 1, 12.00, 12.00, '2025-10-21 13:48:01'),
	(98, 'producto', 31, 5, NULL, 1, 2999.98, 2999.98, '2025-10-21 13:48:01'),
	(99, 'producto', 31, 1, NULL, 1, 25.00, 25.00, '2025-10-21 13:48:01'),
	(100, 'producto', 31, 3, NULL, 1, 65.00, 65.00, '2025-10-21 13:48:01'),
	(101, 'producto', 32, 2, NULL, 1, 12.00, 12.00, '2025-10-21 13:52:39'),
	(102, 'producto', 32, 5, NULL, 1, 2999.98, 2999.98, '2025-10-21 13:52:39'),
	(103, 'producto', 32, 1, NULL, 1, 25.00, 25.00, '2025-10-21 13:52:39'),
	(104, 'producto', 32, 3, NULL, 2, 65.00, 130.00, '2025-10-21 13:52:39'),
	(105, 'producto', 33, 2, NULL, 1, 12.00, 12.00, '2025-10-21 14:13:32'),
	(106, 'producto', 33, 5, NULL, 1, 2999.98, 2999.98, '2025-10-21 14:13:32'),
	(107, 'producto', 33, 1, NULL, 1, 25.00, 25.00, '2025-10-21 14:13:32'),
	(108, 'producto', 34, 2, NULL, 1, 12.00, 12.00, '2025-10-21 14:18:55'),
	(109, 'producto', 34, 5, NULL, 1, 2999.98, 2999.98, '2025-10-21 14:18:55'),
	(110, 'producto', 34, 1, NULL, 2, 25.00, 50.00, '2025-10-21 14:18:55'),
	(111, 'producto', 35, 2, NULL, 1, 12.00, 12.00, '2025-10-21 14:26:28'),
	(112, 'producto', 35, 5, NULL, 1, 2999.98, 2999.98, '2025-10-21 14:26:28'),
	(113, 'producto', 35, 1, NULL, 1, 25.00, 25.00, '2025-10-21 14:26:28'),
	(114, 'producto', 36, 2, NULL, 1, 12.00, 12.00, '2025-10-21 14:48:05'),
	(115, 'producto', 36, 5, NULL, 1, 2999.98, 2999.98, '2025-10-21 14:48:05'),
	(116, 'producto', 36, 1, NULL, 1, 25.00, 25.00, '2025-10-21 14:48:05'),
	(117, 'producto', 37, 2, NULL, 1, 12.00, 12.00, '2025-10-21 14:51:12'),
	(118, 'producto', 37, 5, NULL, 1, 2999.98, 2999.98, '2025-10-21 14:51:12'),
	(119, 'producto', 37, 1, NULL, 1, 25.00, 25.00, '2025-10-21 14:51:12'),
	(120, 'producto', 38, 2, NULL, 1, 12.00, 12.00, '2025-10-21 14:52:31'),
	(121, 'producto', 38, 5, NULL, 2, 2999.98, 5999.96, '2025-10-21 14:52:31'),
	(122, 'producto', 38, 1, NULL, 1, 25.00, 25.00, '2025-10-21 14:52:31'),
	(123, 'producto', 38, 3, NULL, 1, 65.00, 65.00, '2025-10-21 14:52:31'),
	(124, 'producto', 39, 2, NULL, 1, 12.00, 12.00, '2025-10-21 14:57:28'),
	(125, 'producto', 39, 5, NULL, 1, 2999.98, 2999.98, '2025-10-21 14:57:28'),
	(126, 'producto', 39, 1, NULL, 1, 25.00, 25.00, '2025-10-21 14:57:28'),
	(127, 'producto', 39, 3, NULL, 1, 65.00, 65.00, '2025-10-21 14:57:28'),
	(128, 'producto', 40, 5, NULL, 1, 2999.98, 2999.98, '2025-10-21 15:01:00'),
	(129, 'producto', 40, 1, NULL, 1, 25.00, 25.00, '2025-10-21 15:01:00'),
	(130, 'producto', 40, 3, NULL, 1, 65.00, 65.00, '2025-10-21 15:01:00'),
	(131, 'producto', 41, 5, NULL, 2, 2999.98, 5999.96, '2025-10-21 15:03:02'),
	(132, 'producto', 41, 1, NULL, 1, 25.00, 25.00, '2025-10-21 15:03:02'),
	(133, 'producto', 41, 2, NULL, 1, 12.00, 12.00, '2025-10-21 15:03:02'),
	(134, 'producto', 41, 3, NULL, 1, 65.00, 65.00, '2025-10-21 15:03:02'),
	(135, 'producto', 42, 2, NULL, 1, 12.00, 12.00, '2025-10-21 15:09:58'),
	(136, 'producto', 42, 5, NULL, 1, 2999.98, 2999.98, '2025-10-21 15:09:58'),
	(137, 'producto', 42, 1, NULL, 1, 25.00, 25.00, '2025-10-21 15:09:58'),
	(138, 'producto', 42, 3, NULL, 1, 65.00, 65.00, '2025-10-21 15:09:58'),
	(139, 'producto', 43, 2, NULL, 1, 12.00, 12.00, '2025-10-21 15:12:00'),
	(140, 'producto', 43, 5, NULL, 1, 2999.98, 2999.98, '2025-10-21 15:12:00'),
	(141, 'producto', 43, 1, NULL, 1, 25.00, 25.00, '2025-10-21 15:12:00'),
	(142, 'producto', 43, 3, NULL, 1, 65.00, 65.00, '2025-10-21 15:12:00'),
	(143, 'producto', 44, 2, NULL, 2, 12.00, 24.00, '2025-10-21 15:15:23'),
	(144, 'producto', 44, 5, NULL, 2, 2999.98, 5999.96, '2025-10-21 15:15:23'),
	(145, 'producto', 44, 1, NULL, 3, 25.00, 75.00, '2025-10-21 15:15:23'),
	(146, 'producto', 44, 3, NULL, 1, 65.00, 65.00, '2025-10-21 15:15:23'),
	(147, 'producto', 45, 2, NULL, 1, 12.00, 12.00, '2025-10-21 21:05:37'),
	(148, 'producto', 45, 5, NULL, 1, 2999.98, 2999.98, '2025-10-21 21:05:37'),
	(149, 'producto', 45, 1, NULL, 1, 25.00, 25.00, '2025-10-21 21:05:37'),
	(150, 'producto', 45, 3, NULL, 1, 65.00, 65.00, '2025-10-21 21:05:37'),
	(151, 'producto', 46, 2, NULL, 2, 12.00, 24.00, '2025-10-25 13:24:24'),
	(152, 'producto', 46, 5, NULL, 1, 2999.98, 2999.98, '2025-10-25 13:24:24'),
	(153, 'producto', 46, 1, NULL, 1, 25.00, 25.00, '2025-10-25 13:24:24'),
	(154, 'producto', 46, 3, NULL, 1, 65.00, 65.00, '2025-10-25 13:24:24'),
	(155, 'producto', 47, 2, NULL, 1, 12.00, 12.00, '2025-10-25 13:35:22'),
	(156, 'producto', 47, 5, NULL, 1, 2999.98, 2999.98, '2025-10-25 13:35:22'),
	(157, 'producto', 47, 1, NULL, 1, 25.00, 25.00, '2025-10-25 13:35:22'),
	(158, 'producto', 47, 3, NULL, 1, 65.00, 65.00, '2025-10-25 13:35:22'),
	(159, 'producto', 48, 2, NULL, 1, 12.00, 12.00, '2025-10-25 13:50:49'),
	(160, 'producto', 48, 1, NULL, 1, 25.00, 25.00, '2025-10-25 13:50:49'),
	(161, 'producto', 48, 5, NULL, 2, 2999.98, 5999.96, '2025-10-25 13:50:49'),
	(162, 'producto', 49, 2, NULL, 1, 12.00, 12.00, '2025-10-26 15:14:06'),
	(163, 'producto', 49, 5, NULL, 1, 2999.98, 2999.98, '2025-10-26 15:14:06'),
	(164, 'producto', 49, 1, NULL, 1, 25.00, 25.00, '2025-10-26 15:14:06'),
	(165, 'producto', 49, 3, NULL, 1, 65.00, 65.00, '2025-10-26 15:14:06'),
	(166, 'producto', 50, 2, NULL, 1, 12.00, 12.00, '2025-10-26 16:28:03'),
	(167, 'producto', 50, 5, NULL, 1, 2999.98, 2999.98, '2025-10-26 16:28:03'),
	(168, 'producto', 50, 1, NULL, 1, 25.00, 25.00, '2025-10-26 16:28:03'),
	(169, 'producto', 50, 3, NULL, 1, 65.00, 65.00, '2025-10-26 16:28:03'),
	(170, 'producto', 51, 2, NULL, 1, 12.00, 12.00, '2025-10-31 14:44:08'),
	(171, 'producto', 51, 5, NULL, 1, 2999.98, 2999.98, '2025-10-31 14:44:08'),
	(172, 'producto', 51, 1, NULL, 1, 25.00, 25.00, '2025-10-31 14:44:08'),
	(173, 'producto', 52, 2, NULL, 12, 12.00, 144.00, '2025-11-04 13:13:43'),
	(174, 'producto', 52, 5, NULL, 7, 2999.98, 20999.86, '2025-11-04 13:13:43'),
	(175, 'producto', 52, 1, NULL, 1, 25.00, 25.00, '2025-11-04 13:13:43'),
	(176, 'producto', 52, 3, NULL, 1, 65.00, 65.00, '2025-11-04 13:13:43'),
	(178, 'combo', 58, NULL, 1, 1, 150.00, 150.00, '2025-11-21 14:18:50'),
	(179, 'producto', 58, 1, NULL, 1, 25.00, 25.00, '2025-11-21 14:18:50'),
	(180, 'combo', 59, NULL, 1, 1, 150.00, 150.00, '2025-11-21 14:20:34'),
	(181, 'producto', 59, 3, NULL, 1, 65.00, 65.00, '2025-11-21 14:20:34'),
	(182, 'producto', 59, 1, NULL, 1, 25.00, 25.00, '2025-11-21 14:20:34'),
	(183, 'combo', 60, NULL, 1, 1, 150.00, 150.00, '2025-11-21 14:46:40'),
	(184, 'producto', 60, 3, NULL, 1, 65.00, 65.00, '2025-11-21 14:46:40'),
	(185, 'producto', 60, 1, NULL, 1, 25.00, 25.00, '2025-11-21 14:46:40'),
	(186, 'producto', 61, 5, NULL, 1, 2999.98, 2999.98, '2025-11-21 14:48:41'),
	(187, 'producto', 61, 7, NULL, 1, 4500.00, 4500.00, '2025-11-21 14:48:41'),
	(188, 'producto', 61, 3, NULL, 1, 65.00, 65.00, '2025-11-21 14:48:41'),
	(189, 'combo', 61, NULL, 1, 1, 150.00, 150.00, '2025-11-21 14:48:41'),
	(190, 'producto', 62, 2, NULL, 1, 12.00, 12.00, '2025-12-03 14:11:40'),
	(191, 'producto', 62, 5, NULL, 1, 2999.98, 2999.98, '2025-12-03 14:11:40'),
	(192, 'producto', 62, 7, NULL, 1, 4500.00, 4500.00, '2025-12-03 14:11:40');

-- Volcando estructura para tabla degustan_db.movimientos_caja
CREATE TABLE IF NOT EXISTS `movimientos_caja` (
  `id` int(11) NOT NULL AUTO_INCREMENT,
  `caja_id` int(11) NOT NULL,
  `tipo` enum('ingreso','egreso','apertura','cierre','ajuste') NOT NULL,
  `concepto` varchar(200) NOT NULL,
  `descripcion` text DEFAULT NULL,
  `fecha` timestamp NULL DEFAULT current_timestamp(),
  `monto` decimal(10,2) NOT NULL,
  `usuario_id` int(11) NOT NULL,
  `referencia` varchar(100) DEFAULT NULL,
  `created_at` timestamp NULL DEFAULT current_timestamp(),
  PRIMARY KEY (`id`),
  KEY `caja_id` (`caja_id`),
  KEY `usuario_id` (`usuario_id`),
  KEY `idx_movimientos_caja_fecha` (`created_at`),
  CONSTRAINT `movimientos_caja_ibfk_1` FOREIGN KEY (`caja_id`) REFERENCES `caja` (`id`),
  CONSTRAINT `movimientos_caja_ibfk_2` FOREIGN KEY (`usuario_id`) REFERENCES `usuarios` (`id`)
) ENGINE=InnoDB AUTO_INCREMENT=81 DEFAULT CHARSET=utf8mb4 COLLATE=utf8mb4_uca1400_ai_ci;

-- Volcando datos para la tabla degustan_db.movimientos_caja: ~67 rows (aproximadamente)
INSERT INTO `movimientos_caja` (`id`, `caja_id`, `tipo`, `concepto`, `descripcion`, `fecha`, `monto`, `usuario_id`, `referencia`, `created_at`) VALUES
	(1, 2, 'apertura', 'Apertura de caja', 'Apertura de caja', '2025-10-03 14:39:02', 50000.00, 1, NULL, '2025-10-03 14:39:02'),
	(2, 2, 'ingreso', 'Cierre de caja', 'Cierre de caja', '2025-10-20 23:05:58', 0.00, 1, 'Cierre', '2025-10-20 23:05:58'),
	(3, 3, 'apertura', 'Apertura de caja', 'Apertura de caja', '2025-10-20 23:06:18', 1000.00, 1, NULL, '2025-10-20 23:06:18'),
	(4, 3, 'ingreso', 'Venta', 'Venta registrada desde POS', '2025-10-20 23:14:41', 6035.96, 1, 'F002', '2025-10-20 23:14:41'),
	(5, 3, 'egreso', 'compra de hojas ', NULL, '2025-10-20 23:18:56', 2500.00, 1, '0001-234566667', '2025-10-20 23:18:56'),
	(6, 3, 'ingreso', 'Venta', 'Venta registrada desde POS', '2025-10-20 23:22:41', 9135.94, 1, 'F003', '2025-10-20 23:22:41'),
	(7, 3, 'ingreso', 'Venta', 'Venta registrada desde POS', '2025-10-20 23:24:55', 6175.96, 1, 'F004', '2025-10-20 23:24:55'),
	(8, 3, 'ingreso', 'Venta', 'Venta registrada desde POS', '2025-10-20 23:29:53', 6203.96, 1, 'F005', '2025-10-20 23:29:53'),
	(9, 3, 'ingreso', 'Venta', 'Venta registrada desde POS', '2025-10-20 23:30:53', 3101.98, 1, 'F006', '2025-10-20 23:30:53'),
	(10, 3, 'ingreso', 'Venta', 'Venta registrada desde POS', '2025-10-20 23:32:25', 3036.98, 1, 'F007', '2025-10-20 23:32:25'),
	(11, 3, 'ingreso', 'Venta', 'Venta registrada desde POS', '2025-10-20 23:35:23', 96.00, 1, 'F008', '2025-10-20 23:35:23'),
	(12, 3, 'ingreso', 'Venta', 'Venta registrada desde POS', '2025-10-20 23:36:39', 24083.84, 1, 'F009', '2025-10-20 23:36:39'),
	(13, 3, 'ingreso', 'Venta', 'Venta registrada desde POS', '2025-10-21 09:58:12', 3036.98, 1, 'F010', '2025-10-21 09:58:12'),
	(14, 3, 'ingreso', 'Venta', 'Venta registrada desde POS', '2025-10-21 10:09:08', 12407.92, 1, 'F011', '2025-10-21 10:09:08'),
	(15, 3, 'ingreso', 'Venta', 'Venta registrada desde POS', '2025-10-21 10:13:40', 3036.98, 1, 'F012', '2025-10-21 10:13:40'),
	(16, 3, 'ingreso', 'Venta', 'Venta registrada desde POS', '2025-10-21 10:15:15', 3101.98, 1, 'F013', '2025-10-21 10:15:15'),
	(17, 3, 'ingreso', 'Venta', 'Venta registrada desde POS', '2025-10-21 10:17:44', 3011.98, 1, 'F014', '2025-10-21 10:17:44'),
	(18, 3, 'ingreso', 'Cierre de caja', 'Cierre de caja', '2025-10-21 10:20:25', 0.00, 1, 'Cierre', '2025-10-21 10:20:25'),
	(19, 4, 'apertura', 'Apertura de caja', 'Apertura de caja', '2025-10-21 10:49:49', 5000.00, 1, NULL, '2025-10-21 10:49:49'),
	(20, 4, 'ingreso', 'Venta', 'Venta registrada desde POS', '2025-10-21 10:50:19', 6099.96, 1, 'F015', '2025-10-21 10:50:19'),
	(21, 4, 'ingreso', 'Venta', 'Venta registrada desde POS', '2025-10-21 10:50:45', 3101.98, 1, 'F016', '2025-10-21 10:50:45'),
	(22, 4, 'ingreso', 'Cierre de caja', 'Cierre de caja', '2025-10-21 10:51:07', 0.00, 1, 'Cierre', '2025-10-21 10:51:07'),
	(23, 5, 'apertura', 'Apertura de caja', 'Apertura de caja', '2025-10-21 11:11:13', 1000.00, 1, NULL, '2025-10-21 11:11:13'),
	(24, 5, 'ingreso', 'Venta', 'Venta registrada desde POS', '2025-10-21 11:11:29', 6036.96, 1, 'F017', '2025-10-21 11:11:29'),
	(25, 5, 'ingreso', 'Venta', 'Venta registrada desde POS', '2025-10-21 11:12:05', 3073.98, 1, 'F018', '2025-10-21 11:12:05'),
	(26, 5, 'ingreso', 'Venta', 'Venta registrada desde POS', '2025-10-21 11:22:02', 3036.98, 1, 'F019', '2025-10-21 11:22:02'),
	(27, 5, 'ingreso', 'Venta', 'Venta registrada desde POS', '2025-10-21 11:25:22', 45101.70, 1, 'F020', '2025-10-21 11:25:22'),
	(28, 5, 'ingreso', 'Venta', 'Venta registrada desde POS', '2025-10-21 11:28:20', 59299.74, 1, 'F021', '2025-10-21 11:28:20'),
	(29, 5, 'ingreso', 'Venta', 'Venta registrada desde POS', '2025-10-21 11:43:49', 90096.33, 1, 'F022', '2025-10-21 11:43:49'),
	(30, 5, 'ingreso', 'Venta', 'Venta registrada desde POS', '2025-10-21 12:05:58', 3101.98, 1, 'F023', '2025-10-21 12:05:58'),
	(31, 5, 'ingreso', 'Venta', 'Venta registrada desde POS', '2025-10-21 13:02:57', 90096.33, 1, 'F024', '2025-10-21 13:02:57'),
	(32, 5, 'ingreso', 'Venta', 'Venta registrada desde POS', '2025-10-21 13:08:26', 89192.28, 1, 'F025', '2025-10-21 13:08:26'),
	(33, 5, 'ingreso', 'Venta', 'Venta registrada desde POS', '2025-10-21 13:23:24', 59596.52, 1, 'F026', '2025-10-21 13:23:24'),
	(34, 5, 'ingreso', 'Venta', 'Venta registrada desde POS', '2025-10-21 13:30:16', 89898.36, 1, 'F027', '2025-10-21 13:30:16'),
	(35, 5, 'ingreso', 'Venta', 'Venta registrada desde POS', '2025-10-21 13:37:15', 3011.98, 1, 'F028', '2025-10-21 13:37:15'),
	(36, 5, 'ingreso', 'Venta', 'Venta registrada desde POS', '2025-10-21 13:40:49', 3036.98, 1, 'F029', '2025-10-21 13:40:49'),
	(37, 5, 'ingreso', 'Venta', 'Venta registrada desde POS', '2025-10-21 13:45:57', 6032.38, 1, 'F030', '2025-10-21 13:45:57'),
	(38, 5, 'ingreso', 'Venta', 'Venta registrada desde POS', '2025-10-21 13:48:01', 7539.92, 1, 'F031', '2025-10-21 13:48:01'),
	(39, 5, 'ingreso', 'Venta', 'Venta registrada desde POS', '2025-10-21 13:52:39', 3166.98, 1, 'F032', '2025-10-21 13:52:39'),
	(40, 5, 'ingreso', 'Venta', 'Venta registrada desde POS', '2025-10-21 14:13:32', 6401.87, 1, 'F033', '2025-10-21 14:13:32'),
	(41, 5, 'ingreso', 'Venta', 'Venta registrada desde POS', '2025-10-21 14:18:55', 4500.74, 1, 'F034', '2025-10-21 14:18:55'),
	(42, 5, 'ingreso', 'Venta', 'Venta registrada desde POS', '2025-10-21 14:26:28', 3876.24, 1, 'F035', '2025-10-21 14:26:28'),
	(43, 5, 'ingreso', 'Venta', 'Venta registrada desde POS', '2025-10-21 14:48:05', 37384.39, 1, 'F036', '2025-10-21 14:48:05'),
	(44, 5, 'ingreso', 'Venta', 'Venta registrada desde POS', '2025-10-21 14:51:12', 3036.98, 1, 'F037', '2025-10-21 14:51:12'),
	(45, 5, 'ingreso', 'Venta', 'Venta registrada desde POS', '2025-10-21 14:52:31', 6101.96, 1, 'F038', '2025-10-21 14:52:31'),
	(46, 5, 'ingreso', 'Venta', 'Venta registrada desde POS', '2025-10-21 14:57:28', 3843.88, 1, 'F039', '2025-10-21 14:57:28'),
	(47, 5, 'ingreso', 'Venta', 'Venta registrada desde POS', '2025-10-21 15:01:00', 3089.98, 1, 'F040', '2025-10-21 15:01:00'),
	(48, 5, 'ingreso', 'Venta', 'Venta registrada desde POS', '2025-10-21 15:03:02', 6101.96, 1, 'F041', '2025-10-21 15:03:02'),
	(49, 5, 'ingreso', 'Venta', 'Venta registrada desde POS', '2025-10-21 15:09:58', 6339.84, 1, 'F042', '2025-10-21 15:09:58'),
	(50, 5, 'ingreso', 'Venta', 'Venta registrada desde POS', '2025-10-21 15:12:00', 3101.98, 1, 'F043', '2025-10-21 15:12:00'),
	(51, 5, 'ingreso', 'Venta', 'Venta registrada desde POS', '2025-10-21 15:15:23', 6732.48, 1, 'F044', '2025-10-21 15:15:23'),
	(52, 5, 'ingreso', 'Cierre de caja', 'Cierre de caja', '2025-10-21 15:15:51', 0.00, 1, 'Cierre', '2025-10-21 15:15:51'),
	(53, 6, 'apertura', 'Apertura de caja', 'Apertura de caja', '2025-10-21 21:04:52', 5000.00, 1, NULL, '2025-10-21 21:04:52'),
	(54, 6, 'ingreso', 'Venta', 'Venta registrada desde POS', '2025-10-21 21:05:37', 7446.88, 1, 'F045', '2025-10-21 21:05:37'),
	(55, 6, 'ingreso', 'Venta', 'Venta registrada desde POS', '2025-10-25 13:24:24', 8020.56, 1, 'F046', '2025-10-25 13:24:24'),
	(57, 6, 'cierre', 'Cierre de caja', 'Cierre de caja. Saldo final calculado automáticamente: $0.00. ', '2025-10-25 13:30:06', 0.00, 1, 'Cierre', '2025-10-25 13:30:06'),
	(58, 7, 'apertura', 'Apertura de caja', 'Apertura de caja', '2025-10-25 13:35:02', 1000.00, 1, NULL, '2025-10-25 13:35:02'),
	(59, 7, 'ingreso', 'Venta', 'Venta registrada desde POS', '2025-10-25 13:35:22', 3101.98, 1, 'F047', '2025-10-25 13:35:22'),
	(60, 7, 'cierre', 'Cierre de caja', 'Cierre de caja. Saldo final calculado automáticamente: $4101.98. ', '2025-10-25 13:35:48', 0.00, 1, 'Cierre', '2025-10-25 13:35:48'),
	(61, 8, 'apertura', 'Apertura de caja', 'Apertura de caja', '2025-10-25 13:49:43', 1000.00, 1, NULL, '2025-10-25 13:49:43'),
	(62, 8, 'ingreso', 'Venta', 'Venta registrada desde POS', '2025-10-25 13:50:49', 6396.96, 1, 'F048', '2025-10-25 13:50:49'),
	(63, 8, 'ingreso', 'Ajuste de cierre', 'Ajuste por diferencia en cierre: $0.04. ', '2025-10-25 13:51:46', 0.04, 1, 'Cierre', '2025-10-25 13:51:46'),
	(64, 8, 'cierre', 'Cierre de caja', 'Cierre de caja. Saldo: $7396.96, Monto físico: $7397.00. ', '2025-10-25 13:51:46', 0.00, 1, 'Cierre', '2025-10-25 13:51:46'),
	(65, 9, 'apertura', 'Apertura de caja', 'Apertura de caja', '2025-10-26 15:13:18', 1500.00, 1, NULL, '2025-10-26 15:13:18'),
	(66, 9, 'ingreso', 'Venta', 'Venta registrada desde POS', '2025-10-26 15:14:06', 6291.78, 1, 'F049', '2025-10-26 15:14:06'),
	(67, 9, 'egreso', 'papel higienico', NULL, '2025-10-26 15:15:29', 500.00, 1, 'f456678', '2025-10-26 15:15:29'),
	(68, 9, 'ingreso', 'Venta', 'Venta registrada desde POS', '2025-10-26 16:28:03', 7446.88, 1, 'F050', '2025-10-26 16:28:03'),
	(69, 9, 'ingreso', 'Ajuste de cierre', 'Ajuste por diferencia en cierre: $61.34. ', '2025-10-26 16:32:16', 61.34, 1, 'Cierre', '2025-10-26 16:32:16'),
	(70, 9, 'cierre', 'Cierre de caja', 'Cierre de caja. Saldo: $14738.66, Monto físico: $14800.00. ', '2025-10-26 16:32:16', 0.00, 1, 'Cierre', '2025-10-26 16:32:16'),
	(71, 10, 'apertura', 'Apertura de caja', 'Apertura de caja', '2025-10-26 16:32:50', 1500.00, 1, NULL, '2025-10-26 16:32:50'),
	(72, 10, 'ingreso', 'Venta', 'Venta registrada desde POS', '2025-10-31 14:44:08', 2733.28, 1, 'F051', '2025-10-31 14:44:08'),
	(73, 10, 'ingreso', 'Venta', 'Venta registrada desde POS', '2025-11-04 13:13:43', 21487.09, 1, 'F052', '2025-11-04 13:13:43'),
	(74, 10, 'ingreso', 'Venta', 'Venta registrada desde POS', '2025-11-21 14:18:50', 175.00, 1, 'F053', '2025-11-21 14:18:50'),
	(75, 10, 'ingreso', 'Venta', 'Venta registrada desde POS', '2025-11-21 14:20:34', 240.00, 1, 'F054', '2025-11-21 14:20:34'),
	(76, 10, 'ingreso', 'Venta', 'Venta registrada desde POS', '2025-11-21 14:46:40', 240.00, 1, 'F055', '2025-11-21 14:46:40'),
	(77, 10, 'ingreso', 'Venta', 'Venta registrada desde POS', '2025-11-21 14:48:41', 7714.98, 1, 'F056', '2025-11-21 14:48:41'),
	(78, 10, 'ingreso', 'Venta', 'Venta registrada desde POS', '2025-12-03 14:11:40', 7511.98, 1, 'F057', '2025-12-03 14:11:40'),
	(79, 10, 'ingreso', 'Ajuste de cierre', 'Ajuste por diferencia en cierre: $25397.67. ', '2026-02-26 10:14:40', 25397.67, 1, 'Cierre', '2026-02-26 10:14:40'),
	(80, 10, 'cierre', 'Cierre de caja', 'Cierre de caja. Saldo: $41602.33, Monto físico: $67000.00. ', '2026-02-26 10:14:40', 0.00, 1, 'Cierre', '2026-02-26 10:14:40');

-- Volcando estructura para tabla degustan_db.movimientos_stock
CREATE TABLE IF NOT EXISTS `movimientos_stock` (
  `id` int(11) NOT NULL AUTO_INCREMENT,
  `producto_id` int(11) NOT NULL,
  `tipo` enum('entrada','salida','ajuste') NOT NULL,
  `cantidad` int(11) NOT NULL,
  `cantidad_anterior` int(11) NOT NULL,
  `cantidad_nueva` int(11) NOT NULL,
  `motivo` varchar(200) DEFAULT NULL,
  `usuario_id` int(11) NOT NULL,
  `referencia` varchar(100) DEFAULT NULL,
  `created_at` timestamp NULL DEFAULT current_timestamp(),
  PRIMARY KEY (`id`),
  KEY `usuario_id` (`usuario_id`),
  KEY `idx_movimientos_stock_producto` (`producto_id`),
  KEY `idx_movimientos_stock_fecha` (`created_at`),
  CONSTRAINT `movimientos_stock_ibfk_1` FOREIGN KEY (`producto_id`) REFERENCES `productos` (`id`),
  CONSTRAINT `movimientos_stock_ibfk_2` FOREIGN KEY (`usuario_id`) REFERENCES `usuarios` (`id`)
) ENGINE=InnoDB AUTO_INCREMENT=197 DEFAULT CHARSET=utf8mb4 COLLATE=utf8mb4_uca1400_ai_ci;

-- Volcando datos para la tabla degustan_db.movimientos_stock: ~169 rows (aproximadamente)
INSERT INTO `movimientos_stock` (`id`, `producto_id`, `tipo`, `cantidad`, `cantidad_anterior`, `cantidad_nueva`, `motivo`, `usuario_id`, `referencia`, `created_at`) VALUES
	(1, 5, 'entrada', 100, 0, 100, 'Stock inicial', 1, 'Creación de producto', '2025-10-03 13:04:43'),
	(2, 2, 'salida', 3, 100, 97, 'Venta', 1, 'F002', '2025-10-20 23:14:41'),
	(3, 5, 'salida', 2, 100, 98, 'Venta', 1, 'F002', '2025-10-20 23:14:41'),
	(4, 2, 'salida', 3, 97, 94, 'Venta', 1, 'F003', '2025-10-20 23:22:41'),
	(5, 5, 'salida', 3, 98, 95, 'Venta', 1, 'F003', '2025-10-20 23:22:41'),
	(6, 1, 'salida', 4, 50, 46, 'Venta', 1, 'F003', '2025-10-20 23:22:41'),
	(7, 2, 'salida', 3, 94, 91, 'Venta', 1, 'F004', '2025-10-20 23:24:55'),
	(8, 5, 'salida', 2, 95, 93, 'Venta', 1, 'F004', '2025-10-20 23:24:55'),
	(9, 1, 'salida', 3, 46, 43, 'Venta', 1, 'F004', '2025-10-20 23:24:55'),
	(10, 3, 'salida', 1, 30, 29, 'Venta', 1, 'F004', '2025-10-20 23:24:55'),
	(11, 2, 'salida', 2, 91, 89, 'Venta', 1, 'F005', '2025-10-20 23:29:53'),
	(12, 5, 'salida', 2, 93, 91, 'Venta', 1, 'F005', '2025-10-20 23:29:53'),
	(13, 1, 'salida', 2, 43, 41, 'Venta', 1, 'F005', '2025-10-20 23:29:53'),
	(14, 3, 'salida', 2, 29, 27, 'Venta', 1, 'F005', '2025-10-20 23:29:53'),
	(15, 2, 'salida', 1, 89, 88, 'Venta', 1, 'F006', '2025-10-20 23:30:53'),
	(16, 5, 'salida', 1, 91, 90, 'Venta', 1, 'F006', '2025-10-20 23:30:53'),
	(17, 1, 'salida', 1, 41, 40, 'Venta', 1, 'F006', '2025-10-20 23:30:53'),
	(18, 3, 'salida', 1, 27, 26, 'Venta', 1, 'F006', '2025-10-20 23:30:53'),
	(19, 2, 'salida', 1, 88, 87, 'Venta', 1, 'F007', '2025-10-20 23:32:25'),
	(20, 5, 'salida', 1, 90, 89, 'Venta', 1, 'F007', '2025-10-20 23:32:25'),
	(21, 1, 'salida', 1, 40, 39, 'Venta', 1, 'F007', '2025-10-20 23:32:25'),
	(22, 2, 'salida', 8, 87, 79, 'Venta', 1, 'F008', '2025-10-20 23:35:23'),
	(23, 2, 'salida', 7, 79, 72, 'Venta', 1, 'F009', '2025-10-20 23:36:39'),
	(24, 5, 'salida', 8, 89, 81, 'Venta', 1, 'F009', '2025-10-20 23:36:39'),
	(25, 2, 'salida', 1, 72, 71, 'Venta', 1, 'F010', '2025-10-21 09:58:12'),
	(26, 5, 'salida', 1, 81, 80, 'Venta', 1, 'F010', '2025-10-21 09:58:12'),
	(27, 1, 'salida', 1, 39, 38, 'Venta', 1, 'F010', '2025-10-21 09:58:12'),
	(28, 2, 'salida', 4, 71, 67, 'Venta', 1, 'F011', '2025-10-21 10:09:08'),
	(29, 5, 'salida', 4, 80, 76, 'Venta', 1, 'F011', '2025-10-21 10:09:08'),
	(30, 1, 'salida', 4, 38, 34, 'Venta', 1, 'F011', '2025-10-21 10:09:08'),
	(31, 3, 'salida', 4, 26, 22, 'Venta', 1, 'F011', '2025-10-21 10:09:08'),
	(32, 2, 'salida', 1, 67, 66, 'Venta', 1, 'F012', '2025-10-21 10:13:40'),
	(33, 5, 'salida', 1, 76, 75, 'Venta', 1, 'F012', '2025-10-21 10:13:40'),
	(34, 1, 'salida', 1, 34, 33, 'Venta', 1, 'F012', '2025-10-21 10:13:40'),
	(35, 2, 'salida', 1, 66, 65, 'Venta', 1, 'F013', '2025-10-21 10:15:15'),
	(36, 5, 'salida', 1, 75, 74, 'Venta', 1, 'F013', '2025-10-21 10:15:15'),
	(37, 1, 'salida', 1, 33, 32, 'Venta', 1, 'F013', '2025-10-21 10:15:15'),
	(38, 3, 'salida', 1, 22, 21, 'Venta', 1, 'F013', '2025-10-21 10:15:15'),
	(39, 2, 'salida', 1, 65, 64, 'Venta', 1, 'F014', '2025-10-21 10:17:44'),
	(40, 5, 'salida', 1, 74, 73, 'Venta', 1, 'F014', '2025-10-21 10:17:44'),
	(41, 5, 'salida', 2, 73, 71, 'Venta', 1, 'F015', '2025-10-21 10:50:19'),
	(42, 1, 'salida', 4, 32, 28, 'Venta', 1, 'F015', '2025-10-21 10:50:19'),
	(43, 2, 'salida', 1, 64, 63, 'Venta', 1, 'F016', '2025-10-21 10:50:45'),
	(44, 5, 'salida', 1, 71, 70, 'Venta', 1, 'F016', '2025-10-21 10:50:45'),
	(45, 1, 'salida', 1, 28, 27, 'Venta', 1, 'F016', '2025-10-21 10:50:45'),
	(46, 3, 'salida', 1, 21, 20, 'Venta', 1, 'F016', '2025-10-21 10:50:45'),
	(47, 2, 'salida', 1, 63, 62, 'Venta', 1, 'F017', '2025-10-21 11:11:29'),
	(48, 5, 'salida', 2, 70, 68, 'Venta', 1, 'F017', '2025-10-21 11:11:29'),
	(49, 1, 'salida', 1, 27, 26, 'Venta', 1, 'F017', '2025-10-21 11:11:29'),
	(50, 2, 'salida', 2, 62, 60, 'Venta', 1, 'F018', '2025-10-21 11:12:05'),
	(51, 5, 'salida', 1, 68, 67, 'Venta', 1, 'F018', '2025-10-21 11:12:05'),
	(52, 1, 'salida', 2, 26, 24, 'Venta', 1, 'F018', '2025-10-21 11:12:05'),
	(53, 2, 'salida', 1, 60, 59, 'Venta', 1, 'F019', '2025-10-21 11:22:02'),
	(54, 5, 'salida', 1, 67, 66, 'Venta', 1, 'F019', '2025-10-21 11:22:02'),
	(55, 1, 'salida', 1, 24, 23, 'Venta', 1, 'F019', '2025-10-21 11:22:02'),
	(56, 2, 'salida', 1, 59, 58, 'Venta', 1, 'F020', '2025-10-21 11:25:22'),
	(57, 5, 'salida', 15, 66, 51, 'Venta', 1, 'F020', '2025-10-21 11:25:22'),
	(58, 1, 'salida', 1, 23, 22, 'Venta', 1, 'F020', '2025-10-21 11:25:22'),
	(59, 3, 'salida', 1, 20, 19, 'Venta', 1, 'F020', '2025-10-21 11:25:22'),
	(60, 2, 'salida', 7, 58, 51, 'Venta', 1, 'F021', '2025-10-21 11:28:20'),
	(61, 5, 'salida', 20, 51, 31, 'Venta', 1, 'F021', '2025-10-21 11:28:20'),
	(62, 1, 'salida', 14, 22, 8, 'Venta', 1, 'F021', '2025-10-21 11:28:20'),
	(63, 3, 'salida', 7, 19, 12, 'Venta', 1, 'F021', '2025-10-21 11:28:20'),
	(64, 2, 'salida', 1, 51, 50, 'Venta', 1, 'F022', '2025-10-21 11:43:49'),
	(65, 5, 'salida', 30, 31, 1, 'Venta', 1, 'F022', '2025-10-21 11:43:49'),
	(66, 1, 'salida', 1, 8, 7, 'Venta', 1, 'F022', '2025-10-21 11:43:49'),
	(67, 3, 'salida', 1, 12, 11, 'Venta', 1, 'F022', '2025-10-21 11:43:49'),
	(68, 2, 'salida', 1, 50, 49, 'Venta', 1, 'F023', '2025-10-21 12:05:58'),
	(69, 5, 'salida', 1, 1, 0, 'Venta', 1, 'F023', '2025-10-21 12:05:58'),
	(70, 1, 'salida', 1, 7, 6, 'Venta', 1, 'F023', '2025-10-21 12:05:58'),
	(71, 3, 'salida', 1, 11, 10, 'Venta', 1, 'F023', '2025-10-21 12:05:58'),
	(72, 2, 'salida', 1, 49, 48, 'Venta', 1, 'F024', '2025-10-21 13:02:57'),
	(73, 5, 'salida', 30, 150, 120, 'Venta', 1, 'F024', '2025-10-21 13:02:57'),
	(74, 1, 'salida', 1, 100, 99, 'Venta', 1, 'F024', '2025-10-21 13:02:57'),
	(75, 3, 'salida', 1, 10, 9, 'Venta', 1, 'F024', '2025-10-21 13:02:57'),
	(76, 2, 'salida', 4, 48, 44, 'Venta', 1, 'F025', '2025-10-21 13:08:26'),
	(77, 5, 'salida', 30, 120, 90, 'Venta', 1, 'F025', '2025-10-21 13:08:26'),
	(78, 1, 'salida', 1, 99, 98, 'Venta', 1, 'F025', '2025-10-21 13:08:26'),
	(79, 3, 'salida', 2, 9, 7, 'Venta', 1, 'F025', '2025-10-21 13:08:26'),
	(80, 2, 'salida', 1, 44, 43, 'Venta', 1, 'F026', '2025-10-21 13:23:24'),
	(81, 5, 'salida', 20, 90, 70, 'Venta', 1, 'F026', '2025-10-21 13:23:24'),
	(82, 1, 'salida', 1, 98, 97, 'Venta', 1, 'F026', '2025-10-21 13:23:24'),
	(83, 3, 'salida', 1, 7, 6, 'Venta', 1, 'F026', '2025-10-21 13:23:24'),
	(84, 2, 'salida', 1, 43, 42, 'Venta', 1, 'F027', '2025-10-21 13:30:16'),
	(85, 5, 'salida', 30, 70, 40, 'Venta', 1, 'F027', '2025-10-21 13:30:16'),
	(86, 1, 'salida', 1, 97, 96, 'Venta', 1, 'F027', '2025-10-21 13:30:16'),
	(87, 3, 'salida', 1, 6, 5, 'Venta', 1, 'F027', '2025-10-21 13:30:16'),
	(88, 2, 'salida', 1, 42, 41, 'Venta', 1, 'F028', '2025-10-21 13:37:15'),
	(89, 5, 'salida', 1, 40, 39, 'Venta', 1, 'F028', '2025-10-21 13:37:15'),
	(90, 2, 'salida', 1, 41, 40, 'Venta', 1, 'F029', '2025-10-21 13:40:49'),
	(91, 5, 'salida', 1, 39, 38, 'Venta', 1, 'F029', '2025-10-21 13:40:49'),
	(92, 1, 'salida', 1, 96, 95, 'Venta', 1, 'F029', '2025-10-21 13:40:49'),
	(93, 2, 'salida', 1, 40, 39, 'Venta', 1, 'F030', '2025-10-21 13:45:57'),
	(94, 5, 'salida', 1, 38, 37, 'Venta', 1, 'F030', '2025-10-21 13:45:57'),
	(95, 1, 'salida', 2, 95, 93, 'Venta', 1, 'F030', '2025-10-21 13:45:57'),
	(96, 3, 'salida', 2, 5, 3, 'Venta', 1, 'F030', '2025-10-21 13:45:57'),
	(97, 2, 'salida', 1, 39, 38, 'Venta', 1, 'F031', '2025-10-21 13:48:01'),
	(98, 5, 'salida', 1, 37, 36, 'Venta', 1, 'F031', '2025-10-21 13:48:01'),
	(99, 1, 'salida', 1, 93, 92, 'Venta', 1, 'F031', '2025-10-21 13:48:01'),
	(100, 3, 'salida', 1, 3, 2, 'Venta', 1, 'F031', '2025-10-21 13:48:01'),
	(101, 2, 'salida', 1, 38, 37, 'Venta', 1, 'F032', '2025-10-21 13:52:39'),
	(102, 5, 'salida', 1, 36, 35, 'Venta', 1, 'F032', '2025-10-21 13:52:39'),
	(103, 1, 'salida', 1, 92, 91, 'Venta', 1, 'F032', '2025-10-21 13:52:39'),
	(104, 3, 'salida', 2, 2, 0, 'Venta', 1, 'F032', '2025-10-21 13:52:39'),
	(105, 2, 'salida', 1, 37, 36, 'Venta', 1, 'F033', '2025-10-21 14:13:32'),
	(106, 5, 'salida', 1, 35, 34, 'Venta', 1, 'F033', '2025-10-21 14:13:32'),
	(107, 1, 'salida', 1, 91, 90, 'Venta', 1, 'F033', '2025-10-21 14:13:32'),
	(108, 2, 'salida', 1, 36, 35, 'Venta', 1, 'F034', '2025-10-21 14:18:55'),
	(109, 5, 'salida', 1, 34, 33, 'Venta', 1, 'F034', '2025-10-21 14:18:55'),
	(110, 1, 'salida', 2, 90, 88, 'Venta', 1, 'F034', '2025-10-21 14:18:55'),
	(111, 2, 'salida', 1, 35, 34, 'Venta', 1, 'F035', '2025-10-21 14:26:28'),
	(112, 5, 'salida', 1, 33, 32, 'Venta', 1, 'F035', '2025-10-21 14:26:28'),
	(113, 1, 'salida', 1, 88, 87, 'Venta', 1, 'F035', '2025-10-21 14:26:28'),
	(114, 2, 'salida', 1, 34, 33, 'Venta', 1, 'F036', '2025-10-21 14:48:05'),
	(115, 5, 'salida', 1, 32, 31, 'Venta', 1, 'F036', '2025-10-21 14:48:05'),
	(116, 1, 'salida', 1, 87, 86, 'Venta', 1, 'F036', '2025-10-21 14:48:05'),
	(117, 2, 'salida', 1, 33, 32, 'Venta', 1, 'F037', '2025-10-21 14:51:12'),
	(118, 5, 'salida', 1, 31, 30, 'Venta', 1, 'F037', '2025-10-21 14:51:12'),
	(119, 1, 'salida', 1, 86, 85, 'Venta', 1, 'F037', '2025-10-21 14:51:12'),
	(120, 2, 'salida', 1, 32, 31, 'Venta', 1, 'F038', '2025-10-21 14:52:31'),
	(121, 5, 'salida', 2, 30, 28, 'Venta', 1, 'F038', '2025-10-21 14:52:31'),
	(122, 1, 'salida', 1, 85, 84, 'Venta', 1, 'F038', '2025-10-21 14:52:31'),
	(123, 3, 'salida', 1, 100, 99, 'Venta', 1, 'F038', '2025-10-21 14:52:31'),
	(124, 2, 'salida', 1, 31, 30, 'Venta', 1, 'F039', '2025-10-21 14:57:28'),
	(125, 5, 'salida', 1, 28, 27, 'Venta', 1, 'F039', '2025-10-21 14:57:28'),
	(126, 1, 'salida', 1, 84, 83, 'Venta', 1, 'F039', '2025-10-21 14:57:28'),
	(127, 3, 'salida', 1, 99, 98, 'Venta', 1, 'F039', '2025-10-21 14:57:28'),
	(128, 5, 'salida', 1, 27, 26, 'Venta', 1, 'F040', '2025-10-21 15:01:00'),
	(129, 1, 'salida', 1, 83, 82, 'Venta', 1, 'F040', '2025-10-21 15:01:00'),
	(130, 3, 'salida', 1, 98, 97, 'Venta', 1, 'F040', '2025-10-21 15:01:00'),
	(131, 5, 'salida', 2, 26, 24, 'Venta', 1, 'F041', '2025-10-21 15:03:02'),
	(132, 1, 'salida', 1, 82, 81, 'Venta', 1, 'F041', '2025-10-21 15:03:02'),
	(133, 2, 'salida', 1, 30, 29, 'Venta', 1, 'F041', '2025-10-21 15:03:02'),
	(134, 3, 'salida', 1, 97, 96, 'Venta', 1, 'F041', '2025-10-21 15:03:02'),
	(135, 2, 'salida', 1, 29, 28, 'Venta', 1, 'F042', '2025-10-21 15:09:58'),
	(136, 5, 'salida', 1, 24, 23, 'Venta', 1, 'F042', '2025-10-21 15:09:58'),
	(137, 1, 'salida', 1, 81, 80, 'Venta', 1, 'F042', '2025-10-21 15:09:58'),
	(138, 3, 'salida', 1, 96, 95, 'Venta', 1, 'F042', '2025-10-21 15:09:58'),
	(139, 2, 'salida', 1, 28, 27, 'Venta', 1, 'F043', '2025-10-21 15:12:00'),
	(140, 5, 'salida', 1, 23, 22, 'Venta', 1, 'F043', '2025-10-21 15:12:00'),
	(141, 1, 'salida', 1, 80, 79, 'Venta', 1, 'F043', '2025-10-21 15:12:00'),
	(142, 3, 'salida', 1, 95, 94, 'Venta', 1, 'F043', '2025-10-21 15:12:00'),
	(143, 2, 'salida', 2, 27, 25, 'Venta', 1, 'F044', '2025-10-21 15:15:23'),
	(144, 5, 'salida', 2, 22, 20, 'Venta', 1, 'F044', '2025-10-21 15:15:23'),
	(145, 1, 'salida', 3, 79, 76, 'Venta', 1, 'F044', '2025-10-21 15:15:23'),
	(146, 3, 'salida', 1, 94, 93, 'Venta', 1, 'F044', '2025-10-21 15:15:23'),
	(147, 2, 'salida', 1, 25, 24, 'Venta', 1, 'F045', '2025-10-21 21:05:37'),
	(148, 5, 'salida', 1, 20, 19, 'Venta', 1, 'F045', '2025-10-21 21:05:37'),
	(149, 1, 'salida', 1, 76, 75, 'Venta', 1, 'F045', '2025-10-21 21:05:37'),
	(150, 3, 'salida', 1, 93, 92, 'Venta', 1, 'F045', '2025-10-21 21:05:37'),
	(151, 2, 'salida', 2, 24, 22, 'Venta', 1, 'F046', '2025-10-25 13:24:24'),
	(152, 5, 'salida', 1, 50, 49, 'Venta', 1, 'F046', '2025-10-25 13:24:24'),
	(153, 1, 'salida', 1, 75, 74, 'Venta', 1, 'F046', '2025-10-25 13:24:24'),
	(154, 3, 'salida', 1, 92, 91, 'Venta', 1, 'F046', '2025-10-25 13:24:24'),
	(155, 2, 'salida', 1, 22, 21, 'Venta', 1, 'F047', '2025-10-25 13:35:22'),
	(156, 5, 'salida', 1, 49, 48, 'Venta', 1, 'F047', '2025-10-25 13:35:22'),
	(157, 1, 'salida', 1, 74, 73, 'Venta', 1, 'F047', '2025-10-25 13:35:22'),
	(158, 3, 'salida', 1, 91, 90, 'Venta', 1, 'F047', '2025-10-25 13:35:22'),
	(159, 2, 'salida', 1, 21, 20, 'Venta', 1, 'F048', '2025-10-25 13:50:49'),
	(160, 1, 'salida', 1, 73, 72, 'Venta', 1, 'F048', '2025-10-25 13:50:49'),
	(161, 5, 'salida', 2, 48, 46, 'Venta', 1, 'F048', '2025-10-25 13:50:49'),
	(162, 2, 'salida', 1, 20, 19, 'Venta', 1, 'F049', '2025-10-26 15:14:06'),
	(163, 5, 'salida', 1, 46, 45, 'Venta', 1, 'F049', '2025-10-26 15:14:06'),
	(164, 1, 'salida', 1, 72, 71, 'Venta', 1, 'F049', '2025-10-26 15:14:06'),
	(165, 3, 'salida', 1, 90, 89, 'Venta', 1, 'F049', '2025-10-26 15:14:06'),
	(166, 2, 'salida', 1, 19, 18, 'Venta', 1, 'F050', '2025-10-26 16:28:03'),
	(167, 5, 'salida', 1, 45, 44, 'Venta', 1, 'F050', '2025-10-26 16:28:03'),
	(168, 1, 'salida', 1, 71, 70, 'Venta', 1, 'F050', '2025-10-26 16:28:03'),
	(169, 3, 'salida', 1, 89, 88, 'Venta', 1, 'F050', '2025-10-26 16:28:03'),
	(170, 2, 'salida', 1, 18, 17, 'Venta', 1, 'F051', '2025-10-31 14:44:08'),
	(171, 5, 'salida', 1, 44, 43, 'Venta', 1, 'F051', '2025-10-31 14:44:08'),
	(172, 1, 'salida', 1, 70, 69, 'Venta', 1, 'F051', '2025-10-31 14:44:08'),
	(173, 2, 'salida', 12, 17, 5, 'Venta', 1, 'F052', '2025-11-04 13:13:43'),
	(174, 5, 'salida', 7, 43, 36, 'Venta', 1, 'F052', '2025-11-04 13:13:43'),
	(175, 1, 'salida', 1, 69, 68, 'Venta', 1, 'F052', '2025-11-04 13:13:43'),
	(176, 3, 'salida', 1, 88, 87, 'Venta', 1, 'F052', '2025-11-04 13:13:43'),
	(177, 7, 'entrada', 100, 0, 100, 'Stock inicial', 1, 'Creación de producto', '2025-11-06 10:31:41'),
	(178, 2, 'salida', 1, 5, 4, 'Venta de combo (1)', 1, 'F053', '2025-11-21 14:18:50'),
	(179, 3, 'salida', 1, 87, 86, 'Venta de combo (1)', 1, 'F053', '2025-11-21 14:18:50'),
	(180, 1, 'salida', 1, 68, 67, 'Venta', 1, 'F053', '2025-11-21 14:18:50'),
	(181, 2, 'salida', 1, 4, 3, 'Venta de combo (1)', 1, 'F054', '2025-11-21 14:20:34'),
	(182, 3, 'salida', 1, 86, 85, 'Venta de combo (1)', 1, 'F054', '2025-11-21 14:20:34'),
	(183, 3, 'salida', 1, 85, 84, 'Venta', 1, 'F054', '2025-11-21 14:20:34'),
	(184, 1, 'salida', 1, 67, 66, 'Venta', 1, 'F054', '2025-11-21 14:20:34'),
	(185, 2, 'salida', 1, 3, 2, 'Venta de combo (1)', 1, 'F055', '2025-11-21 14:46:40'),
	(186, 3, 'salida', 1, 84, 83, 'Venta de combo (1)', 1, 'F055', '2025-11-21 14:46:40'),
	(187, 3, 'salida', 1, 83, 82, 'Venta', 1, 'F055', '2025-11-21 14:46:40'),
	(188, 1, 'salida', 1, 66, 65, 'Venta', 1, 'F055', '2025-11-21 14:46:40'),
	(189, 5, 'salida', 1, 36, 35, 'Venta', 1, 'F056', '2025-11-21 14:48:41'),
	(190, 7, 'salida', 1, 100, 99, 'Venta', 1, 'F056', '2025-11-21 14:48:41'),
	(191, 3, 'salida', 1, 82, 81, 'Venta', 1, 'F056', '2025-11-21 14:48:41'),
	(192, 2, 'salida', 1, 2, 1, 'Venta de combo (1)', 1, 'F056', '2025-11-21 14:48:41'),
	(193, 3, 'salida', 1, 81, 80, 'Venta de combo (1)', 1, 'F056', '2025-11-21 14:48:41'),
	(194, 2, 'salida', 1, 1, 0, 'Venta', 1, 'F057', '2025-12-03 14:11:40'),
	(195, 5, 'salida', 1, 35, 34, 'Venta', 1, 'F057', '2025-12-03 14:11:40'),
	(196, 7, 'salida', 1, 99, 98, 'Venta', 1, 'F057', '2025-12-03 14:11:40');

-- Volcando estructura para tabla degustan_db.productos
CREATE TABLE IF NOT EXISTS `productos` (
  `id` int(11) NOT NULL AUTO_INCREMENT,
  `codigo` varchar(50) DEFAULT NULL,
  `nombre` varchar(200) NOT NULL,
  `descripcion` text DEFAULT NULL,
  `precio_compra` decimal(10,2) NOT NULL,
  `precio_venta` decimal(10,2) NOT NULL,
  `stock_actual` int(11) DEFAULT 0,
  `stock_minimo` int(11) DEFAULT 5,
  `categoria_id` int(11) DEFAULT NULL,
  `proveedor_id` int(11) DEFAULT NULL,
  `imagen_url` varchar(255) DEFAULT NULL,
  `activo` tinyint(1) DEFAULT 1,
  `created_at` timestamp NULL DEFAULT current_timestamp(),
  `updated_at` timestamp NULL DEFAULT current_timestamp() ON UPDATE current_timestamp(),
  PRIMARY KEY (`id`),
  UNIQUE KEY `codigo` (`codigo`),
  KEY `idx_productos_categoria` (`categoria_id`),
  KEY `idx_productos_proveedor` (`proveedor_id`),
  CONSTRAINT `productos_ibfk_1` FOREIGN KEY (`categoria_id`) REFERENCES `categorias` (`id`),
  CONSTRAINT `productos_ibfk_2` FOREIGN KEY (`proveedor_id`) REFERENCES `proveedores` (`id`)
) ENGINE=InnoDB AUTO_INCREMENT=8 DEFAULT CHARSET=utf8mb4 COLLATE=utf8mb4_uca1400_ai_ci;

-- Volcando datos para la tabla degustan_db.productos: ~4 rows (aproximadamente)
INSERT INTO `productos` (`id`, `codigo`, `nombre`, `descripcion`, `precio_compra`, `precio_venta`, `stock_actual`, `stock_minimo`, `categoria_id`, `proveedor_id`, `imagen_url`, `activo`, `created_at`, `updated_at`) VALUES
	(1, 'VINO001', 'Vino Tinto Malbec', 'Vino tinto de la región de Mendoza', 15.00, 25.00, 65, 10, 1, NULL, NULL, 1, '2025-08-22 13:28:13', '2025-11-21 14:46:40'),
	(2, 'CERVEZA001', 'Cerveza IPA', 'Cerveza artesanal IPA', 8.00, 12.00, 0, 20, 2, NULL, NULL, 0, '2025-08-22 13:28:13', '2026-02-26 10:06:39'),
	(3, 'LICOR001', 'Whisky Escocés', 'Whisky de malta escocesa', 45.00, 65.00, 80, 5, 3, NULL, NULL, 1, '2025-08-22 13:28:13', '2025-11-21 14:48:41'),
	(5, 'CERVEZA002', 'Malta Meltbier', 'cerveza negra dulce', 1500.00, 2999.98, 34, 5, 2, 1, '/uploads/products/product-1759496683673-192707774.png', 1, '2025-10-03 13:04:43', '2025-12-03 14:11:40'),
	(7, 'CERVEZA025', 'Malta Meltbier 450cc', 'cerveza negra', 3000.00, 4500.00, 98, 5, 2, 1, '/uploads/products/product-1762425101169-448096538.jpg', 1, '2025-11-06 10:31:41', '2025-12-03 14:11:40');

-- Volcando estructura para tabla degustan_db.proveedores
CREATE TABLE IF NOT EXISTS `proveedores` (
  `id` int(11) NOT NULL AUTO_INCREMENT,
  `nombre` varchar(200) NOT NULL,
  `email` varchar(100) DEFAULT NULL,
  `telefono` varchar(20) DEFAULT NULL,
  `direccion` text DEFAULT NULL,
  `cuit` varchar(20) DEFAULT NULL,
  `activo` tinyint(1) DEFAULT 1,
  `created_at` timestamp NULL DEFAULT current_timestamp(),
  `updated_at` timestamp NULL DEFAULT current_timestamp() ON UPDATE current_timestamp(),
  PRIMARY KEY (`id`)
) ENGINE=InnoDB AUTO_INCREMENT=2 DEFAULT CHARSET=utf8mb4 COLLATE=utf8mb4_uca1400_ai_ci;

-- Volcando datos para la tabla degustan_db.proveedores: ~0 rows (aproximadamente)
INSERT INTO `proveedores` (`id`, `nombre`, `email`, `telefono`, `direccion`, `cuit`, `activo`, `created_at`, `updated_at`) VALUES
	(1, 'julio alberto pintos', 'julioapintos1@gmail.com', '+543764724207', 'Ch 147 Mz D Casa 24\nH', '20290100829', 1, '2025-08-31 18:54:42', '2025-08-31 18:54:42');

-- Volcando estructura para tabla degustan_db.roles
CREATE TABLE IF NOT EXISTS `roles` (
  `id` int(11) NOT NULL AUTO_INCREMENT,
  `nombre` varchar(50) NOT NULL,
  `descripcion` text DEFAULT NULL,
  `permisos` longtext CHARACTER SET utf8mb4 COLLATE utf8mb4_bin DEFAULT NULL CHECK (json_valid(`permisos`)),
  `created_at` timestamp NULL DEFAULT current_timestamp(),
  `updated_at` timestamp NULL DEFAULT current_timestamp() ON UPDATE current_timestamp(),
  PRIMARY KEY (`id`),
  UNIQUE KEY `nombre` (`nombre`)
) ENGINE=InnoDB AUTO_INCREMENT=4 DEFAULT CHARSET=utf8mb4 COLLATE=utf8mb4_uca1400_ai_ci;

-- Volcando datos para la tabla degustan_db.roles: ~3 rows (aproximadamente)
INSERT INTO `roles` (`id`, `nombre`, `descripcion`, `permisos`, `created_at`, `updated_at`) VALUES
	(1, 'admin', 'Administrador con acceso total', '{"all": true}', '2025-08-22 13:16:39', '2025-08-22 13:16:39'),
	(2, 'intermedio', 'Usuario intermedio con acceso a ventas y stock', '{"ventas": true, "stock": true, "clientes": true, "proveedores": true, "reportes": true}', '2025-08-22 13:16:39', '2025-08-22 13:16:39'),
	(3, 'vendedor', 'Vendedor con acceso solo a ventas', '{"ventas": true, "clientes": true}', '2025-08-22 13:16:39', '2025-08-22 13:16:39');

-- Volcando estructura para tabla degustan_db.usuarios
CREATE TABLE IF NOT EXISTS `usuarios` (
  `id` int(11) NOT NULL AUTO_INCREMENT,
  `username` varchar(50) NOT NULL,
  `password` varchar(255) NOT NULL,
  `email` varchar(100) DEFAULT NULL,
  `nombre` varchar(100) NOT NULL,
  `apellido` varchar(100) NOT NULL,
  `rol_id` int(11) NOT NULL,
  `activo` tinyint(1) DEFAULT 1,
  `ultimo_login` timestamp NULL DEFAULT NULL,
  `created_at` timestamp NULL DEFAULT current_timestamp(),
  `updated_at` timestamp NULL DEFAULT current_timestamp() ON UPDATE current_timestamp(),
  PRIMARY KEY (`id`),
  UNIQUE KEY `username` (`username`),
  KEY `rol_id` (`rol_id`),
  CONSTRAINT `usuarios_ibfk_1` FOREIGN KEY (`rol_id`) REFERENCES `roles` (`id`)
) ENGINE=InnoDB AUTO_INCREMENT=4 DEFAULT CHARSET=utf8mb4 COLLATE=utf8mb4_uca1400_ai_ci;

-- Volcando datos para la tabla degustan_db.usuarios: ~2 rows (aproximadamente)
INSERT INTO `usuarios` (`id`, `username`, `password`, `email`, `nombre`, `apellido`, `rol_id`, `activo`, `ultimo_login`, `created_at`, `updated_at`) VALUES
	(1, 'admin', '$2b$10$r23XzqGmRGDzcVUXW0xzOOpIoH9qAk8ifeL6/pfRF.MeEgqLlvatG', 'admin@degustan.com', 'Administrador', 'Sistema', 1, 1, '2026-04-14 20:32:53', '2025-08-22 13:16:39', '2026-04-14 20:32:53'),
	(2, 'vendedor', '$2b$10$xmOmAc7g1suStttHocBh5erKwc7Af.wA4TI3tnQgSLI8FW89D9JGu', 'vendedor@degustan.com', 'Juan', 'Vendedor', 3, 1, '2025-08-25 13:59:56', '2025-08-22 15:26:47', '2025-08-25 13:59:56'),
	(3, 'intermedio', '$2b$10$spQZYwqS7qvlgvokV/L.a.usMFwcuoz5Znq9PXlOyMVibiqVyruzO', 'intermedio@degustan.com', 'María', 'Intermedia', 2, 1, '2025-08-25 13:59:55', '2025-08-22 15:26:55', '2025-08-25 13:59:55');

-- Volcando estructura para tabla degustan_db.ventas
CREATE TABLE IF NOT EXISTS `ventas` (
  `id` int(11) NOT NULL AUTO_INCREMENT,
  `numero_factura` varchar(20) DEFAULT NULL,
  `cliente_id` int(11) DEFAULT NULL,
  `usuario_id` int(11) NOT NULL,
  `caja_id` int(11) NOT NULL,
  `subtotal` decimal(10,2) NOT NULL,
  `descuento` decimal(10,2) DEFAULT 0.00,
  `costo_envio` decimal(10,2) DEFAULT 0.00,
  `total` decimal(10,2) NOT NULL,
  `metodo_pago` enum('efectivo','tarjeta','transferencia') DEFAULT 'efectivo',
  `estado` enum('pendiente','completada','cancelada') DEFAULT 'completada',
  `observaciones` text DEFAULT NULL,
  `created_at` timestamp NULL DEFAULT current_timestamp(),
  `updated_at` timestamp NULL DEFAULT current_timestamp() ON UPDATE current_timestamp(),
  PRIMARY KEY (`id`),
  UNIQUE KEY `numero_factura` (`numero_factura`),
  KEY `caja_id` (`caja_id`),
  KEY `idx_ventas_fecha` (`created_at`),
  KEY `idx_ventas_cliente` (`cliente_id`),
  KEY `idx_ventas_usuario` (`usuario_id`),
  CONSTRAINT `ventas_ibfk_1` FOREIGN KEY (`cliente_id`) REFERENCES `clientes` (`id`),
  CONSTRAINT `ventas_ibfk_2` FOREIGN KEY (`usuario_id`) REFERENCES `usuarios` (`id`),
  CONSTRAINT `ventas_ibfk_3` FOREIGN KEY (`caja_id`) REFERENCES `caja` (`id`)
) ENGINE=InnoDB AUTO_INCREMENT=63 DEFAULT CHARSET=utf8mb4 COLLATE=utf8mb4_uca1400_ai_ci;

-- Volcando datos para la tabla degustan_db.ventas: ~53 rows (aproximadamente)
INSERT INTO `ventas` (`id`, `numero_factura`, `cliente_id`, `usuario_id`, `caja_id`, `subtotal`, `descuento`, `costo_envio`, `total`, `metodo_pago`, `estado`, `observaciones`, `created_at`, `updated_at`) VALUES
	(1, 'F001', NULL, 1, 1, 25.00, 0.00, 0.00, 25.00, 'efectivo', 'completada', NULL, '2025-08-22 13:28:20', '2025-08-22 13:28:20'),
	(2, 'F002', NULL, 1, 3, 6035.96, 0.00, 0.00, 6035.96, 'efectivo', 'completada', NULL, '2025-10-20 23:14:41', '2025-10-20 23:14:41'),
	(3, 'F003', NULL, 1, 3, 9135.94, 0.00, 0.00, 9135.94, 'tarjeta', 'completada', NULL, '2025-10-20 23:22:41', '2025-10-20 23:22:41'),
	(4, 'F004', NULL, 1, 3, 6175.96, 0.00, 0.00, 6175.96, 'efectivo', 'completada', NULL, '2025-10-20 23:24:55', '2025-10-20 23:24:55'),
	(5, 'F005', NULL, 1, 3, 6203.96, 0.00, 0.00, 6203.96, 'efectivo', 'completada', NULL, '2025-10-20 23:29:53', '2025-10-20 23:29:53'),
	(6, 'F006', NULL, 1, 3, 3101.98, 0.00, 0.00, 3101.98, 'tarjeta', 'completada', NULL, '2025-10-20 23:30:53', '2025-10-20 23:30:53'),
	(7, 'F007', NULL, 1, 3, 3036.98, 0.00, 0.00, 3036.98, 'efectivo', 'completada', NULL, '2025-10-20 23:32:25', '2025-10-20 23:32:25'),
	(8, 'F008', NULL, 1, 3, 96.00, 0.00, 0.00, 96.00, 'efectivo', 'completada', NULL, '2025-10-20 23:35:23', '2025-10-20 23:35:23'),
	(9, 'F009', NULL, 1, 3, 24083.84, 0.00, 0.00, 24083.84, 'transferencia', 'completada', NULL, '2025-10-20 23:36:39', '2025-10-20 23:36:39'),
	(10, 'F010', NULL, 1, 3, 3036.98, 0.00, 0.00, 3036.98, 'efectivo', 'completada', NULL, '2025-10-21 09:58:12', '2025-10-21 09:58:12'),
	(11, 'F011', NULL, 1, 3, 12407.92, 0.00, 0.00, 12407.92, 'transferencia', 'completada', NULL, '2025-10-21 10:09:08', '2025-10-21 10:09:08'),
	(12, 'F012', NULL, 1, 3, 3036.98, 0.00, 0.00, 3036.98, 'transferencia', 'completada', NULL, '2025-10-21 10:13:40', '2025-10-21 10:13:40'),
	(13, 'F013', NULL, 1, 3, 3101.98, 0.00, 0.00, 3101.98, 'transferencia', 'completada', NULL, '2025-10-21 10:15:15', '2025-10-21 10:15:15'),
	(14, 'F014', NULL, 1, 3, 3011.98, 0.00, 0.00, 3011.98, 'transferencia', 'completada', NULL, '2025-10-21 10:17:44', '2025-10-21 10:17:44'),
	(15, 'F015', NULL, 1, 4, 6099.96, 0.00, 0.00, 6099.96, 'efectivo', 'completada', NULL, '2025-10-21 10:50:19', '2025-10-21 10:50:19'),
	(16, 'F016', NULL, 1, 4, 3101.98, 0.00, 0.00, 3101.98, 'transferencia', 'completada', NULL, '2025-10-21 10:50:45', '2025-10-21 10:50:45'),
	(17, 'F017', NULL, 1, 5, 6036.96, 0.00, 0.00, 6036.96, 'efectivo', 'completada', NULL, '2025-10-21 11:11:29', '2025-10-21 11:11:29'),
	(18, 'F018', NULL, 1, 5, 3073.98, 0.00, 0.00, 3073.98, 'efectivo', 'completada', NULL, '2025-10-21 11:12:05', '2025-10-21 11:12:05'),
	(19, 'F019', NULL, 1, 5, 3036.98, 0.00, 0.00, 3036.98, 'tarjeta', 'completada', NULL, '2025-10-21 11:22:02', '2025-10-21 11:22:02'),
	(20, 'F020', NULL, 1, 5, 45101.70, 0.00, 0.00, 45101.70, 'transferencia', 'completada', NULL, '2025-10-21 11:25:22', '2025-10-21 11:25:22'),
	(21, 'F021', NULL, 1, 5, 60888.60, 10.00, 4500.00, 59299.74, 'transferencia', 'completada', NULL, '2025-10-21 11:28:20', '2025-10-21 11:28:20'),
	(22, 'F022', NULL, 1, 5, 90101.40, 5.00, 4500.00, 90096.33, 'efectivo', 'completada', NULL, '2025-10-21 11:43:49', '2025-10-21 11:43:49'),
	(23, 'F023', NULL, 1, 5, 3101.98, 0.00, 0.00, 3101.98, 'efectivo', 'completada', NULL, '2025-10-21 12:05:58', '2025-10-21 12:05:58'),
	(24, 'F024', NULL, 1, 5, 90101.40, 5.00, 4500.00, 90096.33, 'efectivo', 'completada', NULL, '2025-10-21 13:02:57', '2025-10-21 13:02:57'),
	(25, 'F025', NULL, 1, 5, 90202.40, 5.00, 3500.00, 89192.28, 'transferencia', 'completada', NULL, '2025-10-21 13:08:26', '2025-10-21 13:08:26'),
	(26, 'F026', NULL, 1, 5, 60101.60, 5.00, 2500.00, 59596.52, 'transferencia', 'completada', NULL, '2025-10-21 13:23:24', '2025-10-21 13:23:24'),
	(27, 'F027', NULL, 1, 5, 90101.40, 3.00, 2500.00, 89898.36, 'tarjeta', 'completada', NULL, '2025-10-21 13:30:16', '2025-10-21 13:30:16'),
	(28, 'F028', NULL, 1, 5, 3011.98, 0.00, 0.00, 3011.98, 'tarjeta', 'completada', NULL, '2025-10-21 13:37:15', '2025-10-21 13:37:15'),
	(29, 'F029', NULL, 1, 5, 3036.98, 0.00, 0.00, 3036.98, 'tarjeta', 'completada', NULL, '2025-10-21 13:40:49', '2025-10-21 13:40:49'),
	(30, 'F030', NULL, 1, 5, 3191.98, 5.00, 3000.00, 6032.38, 'efectivo', 'completada', NULL, '2025-10-21 13:45:57', '2025-10-21 13:45:57'),
	(31, 'F031', NULL, 1, 5, 3101.98, 2.00, 4499.98, 7539.92, 'efectivo', 'completada', NULL, '2025-10-21 13:48:01', '2025-10-21 13:48:01'),
	(32, 'F032', NULL, 1, 5, 3166.98, 0.00, 0.00, 3166.98, 'efectivo', 'completada', NULL, '2025-10-21 13:52:39', '2025-10-21 13:52:39'),
	(33, 'F033', NULL, 1, 5, 3036.98, 3.00, 3456.00, 6401.87, 'efectivo', 'completada', NULL, '2025-10-21 14:13:32', '2025-10-21 14:13:32'),
	(34, 'F034', NULL, 1, 5, 3061.98, 2.00, 1500.00, 4500.74, 'transferencia', 'completada', NULL, '2025-10-21 14:18:55', '2025-10-21 14:18:55'),
	(35, 'F035', NULL, 1, 5, 3036.98, 2.00, 900.00, 3876.24, 'transferencia', 'completada', NULL, '2025-10-21 14:26:28', '2025-10-21 14:26:28'),
	(36, 'F036', NULL, 1, 5, 3036.98, 7.00, 34560.00, 37384.39, 'efectivo', 'completada', NULL, '2025-10-21 14:48:05', '2025-10-21 14:48:05'),
	(37, 'F037', NULL, 1, 5, 3036.98, 0.00, 0.00, 3036.98, 'efectivo', 'completada', NULL, '2025-10-21 14:51:12', '2025-10-21 14:51:12'),
	(38, 'F038', NULL, 1, 5, 6101.96, 0.00, 0.00, 6101.96, 'transferencia', 'completada', NULL, '2025-10-21 14:52:31', '2025-10-21 14:52:31'),
	(39, 'F039', NULL, 1, 5, 3101.98, 5.00, 897.00, 3843.88, 'tarjeta', 'completada', NULL, '2025-10-21 14:57:28', '2025-10-21 14:57:28'),
	(40, 'F040', NULL, 1, 5, 3089.98, 0.00, 0.00, 3089.98, 'efectivo', 'completada', NULL, '2025-10-21 15:01:00', '2025-10-21 15:01:00'),
	(41, 'F041', NULL, 1, 5, 6101.96, 0.00, 0.00, 6101.96, 'transferencia', 'completada', NULL, '2025-10-21 15:03:02', '2025-10-21 15:03:02'),
	(42, 'F042', NULL, 1, 5, 3101.98, 7.00, 3455.00, 6339.84, 'efectivo', 'completada', NULL, '2025-10-21 15:09:58', '2025-10-21 15:09:58'),
	(43, 'F043', NULL, 1, 5, 3101.98, 0.00, 0.00, 3101.98, 'tarjeta', 'completada', NULL, '2025-10-21 15:12:00', '2025-10-21 15:12:00'),
	(44, 'F044', NULL, 1, 5, 6163.96, 7.00, 1000.00, 6732.48, 'efectivo', 'completada', NULL, '2025-10-21 15:15:23', '2025-10-21 15:15:23'),
	(45, 'F045', NULL, 1, 6, 3101.98, 5.00, 4500.00, 7446.88, 'transferencia', 'completada', NULL, '2025-10-21 21:05:37', '2025-10-21 21:05:37'),
	(46, 'F046', NULL, 1, 6, 3113.98, 3.00, 5000.00, 8020.56, 'tarjeta', 'completada', NULL, '2025-10-25 13:24:24', '2025-10-25 13:24:24'),
	(47, 'F047', NULL, 1, 7, 3101.98, 0.00, 0.00, 3101.98, 'efectivo', 'completada', NULL, '2025-10-25 13:35:22', '2025-10-25 13:35:22'),
	(48, 'F048', NULL, 1, 8, 6036.96, 0.00, 360.00, 6396.96, 'efectivo', 'completada', NULL, '2025-10-25 13:50:49', '2025-10-25 13:50:49'),
	(49, 'F049', NULL, 1, 9, 3101.98, 10.00, 3500.00, 6291.78, 'efectivo', 'completada', NULL, '2025-10-26 15:14:06', '2025-10-26 15:14:06'),
	(50, 'F050', NULL, 1, 9, 3101.98, 5.00, 4500.00, 7446.88, 'transferencia', 'completada', NULL, '2025-10-26 16:28:03', '2025-10-26 16:28:03'),
	(51, 'F051', NULL, 1, 10, 3036.98, 10.00, 0.00, 2733.28, 'efectivo', 'completada', NULL, '2025-10-31 14:44:08', '2025-10-31 14:44:08'),
	(52, 'F052', NULL, 1, 10, 21233.86, 20.00, 4500.00, 21487.09, 'transferencia', 'completada', NULL, '2025-11-04 13:13:43', '2025-11-04 13:13:43'),
	(58, 'F053', NULL, 1, 10, 175.00, 0.00, 0.00, 175.00, 'efectivo', 'completada', NULL, '2025-11-21 14:18:50', '2025-11-21 14:18:50'),
	(59, 'F054', NULL, 1, 10, 240.00, 0.00, 0.00, 240.00, 'efectivo', 'completada', NULL, '2025-11-21 14:20:34', '2025-11-21 14:20:34'),
	(60, 'F055', NULL, 1, 10, 240.00, 0.00, 0.00, 240.00, 'efectivo', 'completada', NULL, '2025-11-21 14:46:40', '2025-11-21 14:46:40'),
	(61, 'F056', NULL, 1, 10, 7714.98, 0.00, 0.00, 7714.98, 'efectivo', 'completada', NULL, '2025-11-21 14:48:41', '2025-11-21 14:48:41'),
	(62, 'F057', NULL, 1, 10, 7511.98, 0.00, 0.00, 7511.98, 'efectivo', 'completada', NULL, '2025-12-03 14:11:40', '2025-12-03 14:11:40');

/*!40103 SET TIME_ZONE=IFNULL(@OLD_TIME_ZONE, 'system') */;
/*!40101 SET SQL_MODE=IFNULL(@OLD_SQL_MODE, '') */;
/*!40014 SET FOREIGN_KEY_CHECKS=IFNULL(@OLD_FOREIGN_KEY_CHECKS, 1) */;
/*!40101 SET CHARACTER_SET_CLIENT=@OLD_CHARACTER_SET_CLIENT */;
/*!40111 SET SQL_NOTES=IFNULL(@OLD_SQL_NOTES, 1) */;
